obsid,mjd,mjd_err,mjd_obs,mjd_end,model,stat,AIC,BIC,AICc,red_chi2,DOF,exp,rate,rate_err,nh,nh_lowbound,nh_upbound,flux,flux_lowbound,flux_upbound,po_Gamma,po_Gamma_lowbound,po_Gamma_upbound,po_norm,po_norm_lowbound,po_norm_upbound
000_7202630101,60718.681553055554,0.0007175925929914229,60718.68083546296,60718.68227064815,tbabs*po,173.01315307617188,181.01315307617188,196.11135925834952,181.13933604147155,0.5440665191074587,318.0,124.0,73.86289978027344,0.7865445017814636,1.2558156251907349,1.2209619283676147,1.3020458221435547,-9.208718299865723,-9.2160062789917,-9.20237922668457,1.5664209127426147,1.5319002866744995,1.6151599884033203,0.08474705368280411,0.08134344220161438,0.08917451649904251
001_7202630101,60718.745673425925,0.0011805555550381541,60718.74449287037,60718.74685398148,tbabs*po,225.1912841796875,233.1912841796875,244.8419037226317,233.4966276911379,1.7059945771188447,132.0,204.0,73.86764526367188,0.6200752854347229,1.2533466815948486,1.2276266813278198,1.291525959968567,-9.211944580078125,-9.216782569885254,-9.206393241882324,1.5850633382797241,1.5573066473007202,1.620600700378418,0.08569019287824631,0.08319457620382309,0.08960472047328949
002_7202630101,60718.810146805554,0.0010590277779556345,60718.80908777778,60718.811205833335,tbabs*po,194.346923828125,202.346923828125,215.07405802929333,202.57813770095737,1.1169363438397988,174.0,183.0,73.47541046142578,0.650538444519043,1.2563139200210571,1.2250018119812012,1.2908885478973389,-9.21205997467041,-9.217312812805176,-9.206757545471191,1.566020131111145,1.5336066484451294,1.5983312129974365,0.08409325033426285,0.08106765896081924,0.0873527005314827
003_7202630101,60718.873335462966,0.0024537037024856545,60718.87088175926,60718.87578916667,tbabs*po,375.3555603027344,383.3555603027344,395.8987540509354,383.5979845451586,2.2611780741128578,166.0,424.0,75.0235824584961,0.44585877656936646,1.275139331817627,1.2521758079528809,1.2978174686431885,-9.199657440185547,-9.20310115814209,-9.195762634277344,1.5688596963882446,1.5443021059036255,1.5895612239837646,0.08679737150669098,0.08451109379529953,0.08903481066226959
004_7202630101,60718.93904726852,0.0010358796280343086,60718.93801138889,60718.94008314815,tbabs*po,302.9033203125,310.9033203125,323.9333018006111,311.1172240558155,1.6111878740026595,188.0,179.0,75.69832611083984,0.6678645610809326,1.318864107131958,1.274586796760559,1.362752914428711,-9.201705932617188,-9.208334922790527,-9.195419311523438,1.655755877494812,1.6064116954803467,1.6941087245941162,0.09490080922842026,0.09039520472288132,0.09916544705629349
005_7202630102,60719.000962777776,0.001527777778392192,60718.999435,60719.002490555555,tbabs*po,337.531494140625,345.531494140625,357.35480237103,345.8234649435447,2.4458803923233696,138.0,264.0,74.29924011230469,0.5507211685180664,1.27812659740448,1.2469136714935303,1.3121309280395508,-9.207887649536133,-9.212631225585938,-9.202239036560059,1.5920932292938232,1.558085560798645,1.6260511875152588,0.08740236610174179,0.0838337242603302,0.09072381258010864
006_7202630102,60719.00370004629,0.001024305554892635,60719.00267574074,60719.00472435185,tbabs*po,286.544677734375,294.544677734375,307.31650513793585,294.77324916294646,1.6280947598544033,176.0,177.0,73.66101837158203,0.6618229150772095,1.2426865100860596,1.2082109451293945,1.2836906909942627,-9.214157104492188,-9.218976974487305,-9.206450462341309,1.548080325126648,1.508941650390625,1.5848283767700195,0.08201833814382553,0.07932457327842712,0.08575531095266342
007_7202630102,60719.06614796295,0.0007870370354794431,60719.06536092592,60719.06693499999,tbabs*po,176.4792022705078,184.4792022705078,196.01040996085328,184.7941629004291,1.3787437677383423,128.0,136.0,75.51470947265625,0.7605652809143066,1.304469108581543,1.2851762771606445,1.3519397974014282,-9.195892333984375,-9.201955795288086,-9.188647270202637,1.5945019721984863,1.5562306642532349,1.64005708694458,0.09017135947942734,0.0865233987569809,0.09502879530191422
008_7202630102,60719.068213935185,0.001093750001018634,60719.06712018519,60719.06930768519,tbabs*po,203.56146240234375,211.56146240234375,223.8870798622816,211.817872658754,1.29656982421875,157.0,189.0,72.78836059570312,0.6378458142280579,1.2195613384246826,1.1959141492843628,1.2642197608947754,-9.219941139221191,-9.225089073181152,-9.214132308959961,1.5536909103393555,1.5289995670318604,1.5975085496902466,0.08135906606912613,0.07915274798870087,0.08572530746459961
009_7202630102,60719.13168037037,0.0019791666672972497,60719.1297012037,60719.13365953704,tbabs*po,289.5130920410156,297.5130920410156,309.55563321740067,297.78895410998115,1.9829663838425728,146.0,342.0,75.53508758544922,0.4934006631374359,1.2786122560501099,1.2380505800247192,1.3029077053070068,-9.19516658782959,-9.2003173828125,-9.191582679748535,1.5634080171585083,1.5289311408996582,1.5840041637420654,0.08714205026626587,0.0833728164434433,0.08955331891775131
010_7202630102,60719.195025277775,0.0032175925916817505,60719.19180768519,60719.19824287037,tbabs*po,373.88372802734375,381.88372802734375,394.0315384369983,382.1521844031827,2.4925581868489584,150.0,556.0,76.28597259521484,0.3980141580104828,1.2667309045791626,1.2490674257278442,1.2893129587173462,-9.194926261901855,-9.197924613952637,-9.191909790039062,1.5860530138015747,1.5677186250686646,1.604360580444336,0.08945640176534653,0.0875525176525116,0.09149838984012604
011_7202630102,60719.4522937963,0.0016203703708015382,60719.45067342593,60719.45391416667,tbabs*po,447.01495361328125,455.01495361328125,467.85289822464694,455.23967271440483,2.497290243649616,179.0,280.0,76.09642791748047,0.5423553586006165,1.3146085739135742,1.2865867614746094,1.3433561325073242,-9.198447227478027,-9.202740669250488,-9.193925857543945,1.6022651195526123,1.5732271671295166,1.6292641162872314,0.09034517407417297,0.08738909661769867,0.09328420460224152
012_7202630102,60719.45502527777,0.0010879629626288079,60719.45393731481,60719.45611324073,tbabs*po,249.4745330810547,257.4745330810547,270.5045145691658,257.68843682437017,1.3269921972396526,188.0,188.0,75.4627685546875,0.6512993574142456,1.2840145826339722,1.2508280277252197,1.3095017671585083,-9.196215629577637,-9.20144271850586,-9.190763473510742,1.574476718902588,1.5396571159362793,1.6110045909881592,0.08798489719629288,0.08473269641399384,0.09155909717082977
013_7202630102,60719.580870185186,0.0010648148163454607,60719.57980537037,60719.581935,tbabs*po,357.0806579589844,365.0806579589844,376.67201715878804,365.3907354783642,2.7467742919921876,130.0,184.0,79.1793441772461,0.6749351024627686,1.3361315727233887,1.2889904975891113,1.3860913515090942,-9.173666954040527,-9.18007755279541,-9.166990280151367,1.6000357866287231,1.5570683479309082,1.6465171575546265,0.09540233761072159,0.09099355340003967,0.10053173452615738
014_7202630102,60719.583584305554,0.001464120370656019,60719.58212018519,60719.58504842593,tbabs*po,291.2198791503906,299.2198791503906,311.69185440005765,299.46679273063756,1.7866250254625191,163.0,253.0,76.58893585205078,0.5708496570587158,1.247121810913086,1.2159755229949951,1.2718229293823242,-9.199246406555176,-9.203606605529785,-9.19449520111084,1.575994610786438,1.5429953336715698,1.5992469787597656,0.08759239315986633,0.08448658138513565,0.09003110229969025
015_7202630102,60719.64678453704,0.0021527777789742686,60719.64463175926,60719.64893731482,tbabs*po,345.649169921875,353.649169921875,365.8485939508731,353.91407058412665,2.274007696854441,152.0,372.0,77.11021423339844,0.47967222332954407,1.2741994857788086,1.245324969291687,1.3021820783615112,-9.188002586364746,-9.191533088684082,-9.183842658996582,1.5509146451950073,1.5253090858459473,1.5745524168014526,0.08738468587398529,0.08470854163169861,0.08992128074169159
016_7202630102,60719.711466249995,0.0025173611102218274,60719.70894888889,60719.71398361111,tbabs*po,393.39630126953125,401.39630126953125,413.91589612922354,401.64020370855565,2.384220007694129,165.0,435.0,75.91724395751953,0.44296857714653015,1.2485755681991577,1.230130672454834,1.271956205368042,-9.205256462097168,-9.20854377746582,-9.20166015625,1.594160556793213,1.5740416049957275,1.616749882698059,0.08813043683767319,0.08615604043006897,0.09049256145954132
017_7202630102,60719.776171111116,0.002395833333139308,60719.77377527778,60719.77856694445,tbabs*po,386.3885192871094,394.3885192871094,406.4043045108912,394.66629706488715,2.6647484088766165,145.0,414.0,77.03140258789062,0.4569645822048187,1.281274437904358,1.240588665008545,1.302672028541565,-9.189212799072266,-9.194128036499023,-9.185990333557129,1.5692211389541626,1.5380769968032837,1.5887917280197144,0.08894515782594681,0.08539462834596634,0.0911889299750328
018_7202630102,60719.90521625,0.002274305556056788,60719.90294194444,60719.90749055555,tbabs*po,306.0731201171875,314.0731201171875,325.81101584971026,314.3716275798741,2.267208297164352,135.0,393.0,76.5216293334961,0.4665834605693817,1.2447700500488281,1.2230161428451538,1.2643709182739258,-9.195624351501465,-9.198997497558594,-9.1924409866333,1.5738276243209839,1.5526589155197144,1.5925252437591553,0.08811342716217041,0.08584247529506683,0.09008432924747467
019_7202630103,60720.09886787037,0.001921296297950903,60720.09694657407,60720.10078916667,tbabs*po,344.36798095703125,352.36798095703125,364.54168142470826,352.6346476236979,2.2805826553445776,151.0,332.0,75.09036254882812,0.4986560642719269,1.262795090675354,1.2344247102737427,1.2958896160125732,-9.206954002380371,-9.210909843444824,-9.202964782714844,1.5979100465774536,1.5724817514419556,1.6264756917953491,0.08814049512147903,0.08551041036844254,0.09131509065628052
020_7202630103,60720.22806347222,0.0016608796286163852,60720.22640259259,60720.22972435185,tbabs*po,289.4957275390625,297.4957275390625,309.9195094346648,297.7457275390625,1.7981101089382765,161.0,287.0,75.75958251953125,0.5353325605392456,1.3118541240692139,1.2717466354370117,1.3437241315841675,-9.194035530090332,-9.198670387268066,-9.189217567443848,1.598877191543579,1.5637203454971313,1.6249148845672607,0.0909377858042717,0.08728543668985367,0.0939221978187561
021_7202630103,60720.42154148148,0.001701388890069211,60720.41984009259,60720.42324287037,tbabs*po,310.072021484375,318.072021484375,330.543996734042,318.31893506462194,1.9022823403949387,163.0,294.0,75.4455795288086,0.5281567573547363,1.260132074356079,1.232952356338501,1.2869573831558228,-9.201184272766113,-9.205256462097168,-9.19681453704834,1.5609110593795776,1.5328983068466187,1.5860573053359985,0.08574330061674118,0.08303263783454895,0.08830734342336655
022_7202630103,60720.48600907407,0.0015856481477385387,60720.48442342592,60720.48759472222,tbabs*po,329.8770751953125,337.8770751953125,350.02488560496704,338.1455315711514,2.1991805013020835,150.0,274.0,77.37226104736328,0.5531767010688782,1.2836488485336304,1.2492356300354004,1.3100014925003052,-9.191655158996582,-9.195793151855469,-9.186956405639648,1.6040104627609253,1.568636178970337,1.6251310110092163,0.09195017069578171,0.08828233182430267,0.094487264752388
023_7202630103,60720.55115953703,0.0007870370354794431,60720.5503725,60720.55194657407,tbabs*po,240.86395263671875,248.86395263671875,260.5729673773476,249.164704516418,1.79749218385611,134.0,136.0,74.02941131591797,0.7525168061256409,1.2515969276428223,1.2150517702102661,1.312819480895996,-9.211527824401855,-9.217798233032227,-9.204122543334961,1.5410244464874268,1.502236008644104,1.5889652967453003,0.08182661980390549,0.07832836359739304,0.0866958349943161
024_7202630103,60720.61533199074,0.001197916666569654,60720.61413407407,60720.616529907405,tbabs*po,333.468017578125,341.468017578125,353.8917994737273,341.718017578125,2.0712299228454967,161.0,207.0,76.28502655029297,0.6257097125053406,1.2640008926391602,1.2066718339920044,1.2918281555175781,-9.202433586120605,-9.208710670471191,-9.197182655334473,1.5853731632232666,1.535872220993042,1.6094716787338257,0.08785853534936905,0.08264826983213425,0.09051597863435745
025_7202630103,60720.67951601851,0.0013657407398568466,60720.67815027777,60720.68088175925,tbabs*po,317.50927734375,325.50927734375,338.25882056711305,325.7391624012213,1.8143387276785714,175.0,236.0,75.09745788574219,0.5836161971092224,1.2447491884231567,1.220282793045044,1.270316243171692,-9.203078269958496,-9.207491874694824,-9.198169708251953,1.563387393951416,1.5366610288619995,1.5954385995864868,0.08559104800224304,0.08300340920686722,0.08898964524269104
026_7202630103,60720.937525277775,0.0014583333322661929,60720.93606694444,60720.93898361111,tbabs*po,308.01397705078125,316.01397705078125,327.66459659372543,316.3193205622316,2.3334392200816763,132.0,252.0,63.95634841918945,0.5195413827896118,1.282314658164978,1.239081859588623,1.3115134239196777,-9.206124305725098,-9.21136474609375,-9.200322151184082,1.5800577402114868,1.5316299200057983,1.6048517227172852,0.08666014671325684,0.08229852467775345,0.08928029239177704
027_7202630104,60721.0018887037,0.0014467592591245193,60721.00044194444,60721.003335462956,tbabs*po,335.1293029785156,343.1293029785156,355.27711338817016,343.39775935435455,2.234195353190104,150.0,250.0,63.21200180053711,0.5185631513595581,1.2797120809555054,1.2493863105773926,1.3112810850143433,-9.217535018920898,-9.222352027893066,-9.212196350097656,1.6260420083999634,1.5927690267562866,1.6572200059890747,0.08872614800930023,0.08547700941562653,0.09201255440711975
028_7202630104,60721.13067342593,0.0009722222239361145,60721.1297012037,60721.13164564815,tbabs*po,222.74127197265625,230.74127197265625,243.5130993762171,230.96984340122768,1.2655754089355469,176.0,168.0,55.73214340209961,0.5867903232574463,1.303523302078247,1.2597546577453613,1.364926815032959,-9.197726249694824,-9.205466270446777,-9.190943717956543,1.5851092338562012,1.5472885370254517,1.6441172361373901,0.08877262473106384,0.08482211828231812,0.0944616049528122
029_8202630105,60742.576275277774,0.0008680555547471158,60742.57540722222,60742.57714333333,tbabs*po,141.62718200683594,149.62718200683594,162.67794276245547,149.83994796428274,0.7493501693483383,189.0,150.0,15.0600004196167,0.31877389550209045,1.4012677669525146,1.2800734043121338,1.4905626773834229,-9.376944541931152,-9.392863273620605,-9.363476753234863,1.6645317077636719,1.5504212379455566,1.741869330406189,0.06416527181863785,0.05598338693380356,0.0701492503285408
030_8202630105,60742.834788009255,0.001417824074451346,60742.83337018518,60742.83620583333,tbabs*po,182.55026245117188,190.55026245117188,207.4957408119867,190.6293138345711,0.36005968925280446,507.0,245.0,19.79183578491211,0.28760555386543274,1.3716301918029785,1.2989863157272339,1.4435076713562012,-9.384696006774902,-9.394773483276367,-9.374329566955566,1.704111933708191,1.6259320974349976,1.7711389064788818,0.06550958752632141,0.05965234339237213,0.070655956864357
031_8202630105,60742.89944657407,0.001574074074596865,60742.8978725,60742.90102064815,tbabs*po,129.34103393554688,137.34103393554688,147.8015160029119,137.75770060221353,1.3334127209850193,97.0,272.0,14.911765098571777,0.23641885817050934,1.1264355182647705,1.0775583982467651,1.2024731636047363,-9.395089149475098,-9.404796600341797,-9.386019706726074,1.454064965248108,1.4073972702026367,1.520118236541748,0.04834156855940819,0.04570990800857544,0.052695710211992264
032_8202630105,60742.963017175935,0.0006423611121135764,60742.96237481482,60742.96365953705,tbabs*po,148.8041534423828,156.8041534423828,173.8577464927493,156.88107651930588,0.28561257858422806,521.0,111.0,21.0,0.4375469386577606,1.3931562900543213,1.2760977745056152,1.4792269468307495,-9.373058319091797,-9.388517379760742,-9.356679916381836,1.692436695098877,1.5570456981658936,1.7984886169433594,0.0630611702799797,0.06017664819955826,0.07383789122104645
033_8202630105,60742.96472435184,0.0008796296278887894,60742.96384472222,60742.96560398147,tbabs*po,134.62481689453125,142.62481689453125,156.23552642202037,142.80914869176627,0.6175450316262902,218.0,152.0,20.828947067260742,0.3731880784034729,1.2969048023223877,1.1936930418014526,1.368417739868164,-9.373443603515625,-9.385987281799316,-9.361886978149414,1.6374540328979492,1.5394412279129028,1.7037569284439087,0.06272367388010025,0.05604257062077522,0.06769105046987534
034_8202630106,60743.027617870364,0.0006944444430700969,60743.02692342592,60743.028312314804,tbabs*po,144.2220001220703,152.2220001220703,165.12498681692313,152.44299459720844,0.7924285720992874,182.0,120.0,14.566666603088379,0.3500230610370636,1.2997335195541382,1.1784831285476685,1.4051060676574707,-9.402071952819824,-9.4100980758667,-9.385513305664062,1.5663341283798218,1.4568489789962769,1.6662499904632568,0.05522945150732994,0.04756050184369087,0.06099187210202217
035_8202630106,60743.02947550926,0.0009780092586879618,60743.0284975,60743.03045351852,tbabs*po,126.28884887695312,134.28884887695312,144.37600318514927,134.74861899189565,1.4351005554199219,88.0,169.0,13.940828323364258,0.2889479696750641,1.231830358505249,1.1404601335525513,1.327609896659851,-9.409368515014648,-9.422731399536133,-9.397518157958984,1.4837133884429932,1.4036656618118286,1.5548818111419678,0.048571035265922546,0.043840013444423676,0.05322502925992012
036_8202630106,60743.093318101855,0.0019502314826240763,60743.09136787037,60743.09526833334,tbabs*po,331.9467468261719,339.9467468261719,350.85629810102125,340.31711719654226,3.0453829984052465,109.0,337.0,9.554896354675293,0.16950957477092743,1.845171570777893,1.730301022529602,1.9866548776626587,-9.474721908569336,-9.486340522766113,-9.464347839355469,1.1757417917251587,1.1148141622543335,1.2584960460662842,0.028184648603200912,0.0258390661329031,0.031641919165849686
037_8202630106,60743.15836439816,0.0017187500016007107,60743.15664564815,60743.160083148156,tbabs*po,152.78948974609375,160.78948974609375,176.31162169169656,160.90280419368582,0.43160872809631,354.0,297.0,13.175084114074707,0.2124665081501007,1.3116014003753662,1.2569011449813843,1.3940753936767578,-9.385034561157227,-9.395231246948242,-9.376816749572754,1.472316861152649,1.4244968891143799,1.5372726917266846,0.05058707296848297,0.047654807567596436,0.054909709841012955
038_8202630106,60743.67381000001,0.0007986111122590955,60743.67301138889,60743.674608611116,tbabs*po,198.52687072753906,206.52687072753906,218.72629475653721,206.7917713897907,1.3060978337338096,152.0,138.0,26.369565963745117,0.44099608063697815,1.1588988304138184,1.0931822061538696,1.2229948043823242,-9.407565116882324,-9.418468475341797,-9.396288871765137,1.508283019065857,1.4364036321640015,1.565979242324829,0.05031285807490349,0.04631537199020386,0.05447082221508026
039_8202630106,60743.67593962962,0.0011458333319751546,60743.67479379629,60743.67708546295,tbabs*po,234.71258544921875,242.71258544921875,254.50762501073143,243.00670309627756,1.7132305507242245,137.0,198.0,26.212121963500977,0.3682054877281189,1.2186312675476074,1.150844931602478,1.2774368524551392,-9.407383918762207,-9.416064262390137,-9.395974159240723,1.5612207651138306,1.4962763786315918,1.6164530515670776,0.05334842577576637,0.049645066261291504,0.05696447193622589
040_8202630106,60743.73923824074,0.0012962962973688263,60743.73794194444,60743.740534537035,tbabs*po,342.93536376953125,350.93536376953125,362.24861871874043,351.26869710286456,2.8341765600787707,121.0,224.0,23.21875,0.32558974623680115,1.2349355220794678,1.156240701675415,1.3203648328781128,-9.425140380859375,-9.43832778930664,-9.416034698486328,1.353864073753357,1.2963132858276367,1.4297306537628174,0.039953239262104034,0.037213850766420364,0.04345567524433136
041_8202630106,60743.80439449074,0.0017418981478840578,60743.80265259259,60743.806136388885,tbabs*po,289.8033142089844,297.8033142089844,310.485250189137,298.03723233763935,1.6849029895871184,172.0,301.0,25.930233001708984,0.2985154390335083,1.1307984590530396,1.08267080783844,1.1944421529769897,-9.400350570678711,-9.407410621643066,-9.393194198608398,1.4065897464752197,1.3671427965164185,1.453558087348938,0.045195311307907104,0.04302964359521866,0.04806509241461754
042_8202630106,60743.869006759254,0.0016666666670062114,60743.86734009259,60743.870673425925,tbabs*po,289.4217224121094,297.4217224121094,310.23774916041657,297.64771111267436,1.6259647326523,178.0,288.0,18.85763931274414,0.2587299346923828,1.4699232578277588,1.376220464706421,1.541081428527832,-9.47272777557373,-9.48338794708252,-9.465862274169922,1.3348206281661987,1.2767895460128784,1.3854103088378906,0.033961888402700424,0.032201822847127914,0.03725016117095947
043_8202630106,60743.93350328704,0.0012905092589790002,60743.93221277778,60743.934793796296,tbabs*po,268.5027160644531,276.5027160644531,292.305286274804,276.60825696155075,0.7065860949064556,380.0,223.0,25.434978485107422,0.3420080244541168,1.2428617477416992,1.192779541015625,1.2932026386260986,-9.407848358154297,-9.416081428527832,-9.400169372558594,1.5214250087738037,1.475229024887085,1.5714325904846191,0.0507001094520092,0.04802912473678589,0.0542408749461174
044_8202630107,60743.99831231481,0.00120370370495948,60743.99710861111,60743.99951601852,tbabs*po,247.9088897705078,255.9088897705078,269.08210906940576,256.11507533751814,1.271327639848758,195.0,208.0,26.30769157409668,0.36006268858909607,1.1455010175704956,1.0934888124465942,1.2079752683639526,-9.405056953430176,-9.413496971130371,-9.396730422973633,1.497114658355713,1.4463095664978027,1.5462077856063843,0.04983071982860565,0.04683918133378029,0.05282989516854286
045_8202630107,60744.063416481484,0.000613425927440403,60744.06280305555,60744.06402990741,tbabs*po,133.69024658203125,141.69024658203125,154.41738078319958,141.92146045486362,0.768334750471444,174.0,106.0,26.650943756103516,0.5049951076507568,1.0994188785552979,1.0387283563613892,1.2230945825576782,-9.388708114624023,-9.401247024536133,-9.3765287399292,1.4042283296585083,1.3463349342346191,1.4977848529815674,0.046023521572351456,0.04316642880439758,0.05193691328167915
046_8202630107,60744.127490555555,0.0009722222239361145,60744.12651833333,60744.12846277778,tbabs*po,184.7906494140625,192.7906494140625,208.04717154136276,192.91186153527462,0.558279907595355,331.0,168.0,15.166666984558105,0.30235153436660767,1.1466549634933472,1.069762110710144,1.2400699853897095,-9.412755966186523,-9.427398681640625,-9.403098106384277,1.445669412612915,1.3852338790893555,1.5272128582000732,0.04609913378953934,0.04259594529867172,0.05070844665169716
047_8202630107,60744.19214912036,0.0007928240738692693,60744.19135629629,60744.192941944435,tbabs*po,119.93405151367188,127.93405151367188,139.1501356926049,128.27593185555222,1.0163902670650158,118.0,137.0,26.91240882873535,0.44727933406829834,1.1984272003173828,1.132506012916565,1.2500642538070679,-9.38329029083252,-9.394936561584473,-9.375611305236816,1.5078610181808472,1.4459228515625,1.5583046674728394,0.0529668964445591,0.046819087117910385,0.05631767213344574
048_8202630107,60744.25679611112,0.0005902777775190771,60744.25620583334,60744.2573863889,tbabs*po,133.4497528076172,141.4497528076172,152.10350918406544,141.84579241157758,1.3083309098785998,102.0,102.0,26.019607543945312,0.508630633354187,1.172972559928894,1.0900709629058838,1.2702300548553467,-9.413403511047363,-9.426815032958984,-9.399531364440918,1.545757532119751,1.4614861011505127,1.6328997611999512,0.05164701119065285,0.04684226214885712,0.05743527412414551
049_7626010103,60753.081298425925,0.006018518517521443,60753.0752799074,60753.08731694444,tbabs*po,964.79296875,972.79296875,985.652711780436,973.0164324371508,5.3599609375,180.0,1040.0,41.515384674072266,0.21590325236320496,1.2947642803192139,1.2733879089355469,1.312449336051941,-9.45615005493164,-9.459218978881836,-9.453046798706055,1.56741201877594,1.5463968515396118,1.5840879678726196,0.04802355170249939,0.04685959219932556,0.04894961789250374
050_7626010105,60756.579747500014,0.0012962962973688263,60756.57845120371,60756.58104379631,tbabs*po,631.0439453125,639.0439453125,651.7710795136684,639.2751591853323,3.6266893408764367,174.0,224.0,37.19196319580078,0.41737958788871765,1.081125020980835,1.0204890966415405,1.1346091032028198,-9.51411247253418,-9.522274017333984,-9.5065336227417,1.452324390411377,1.3991347551345825,1.5019655227661133,0.03676625341176987,0.03445693105459213,0.03898313641548157
051_7626010105,60756.581923425925,0.0006944444430700969,60756.58122898148,60756.582617870365,tbabs*po,608.2426147460938,616.2426147460938,628.2583999698755,616.5203925238716,4.194776653421336,145.0,120.0,38.766666412353516,0.5746400356292725,1.2081470489501953,1.1167198419570923,1.29378342628479,-9.51206111907959,-9.525428771972656,-9.497812271118164,1.59043288230896,1.4975701570510864,1.678274393081665,0.04332561418414116,0.0393415205180645,0.04751034453511238
052_7626010105,60756.8434975,0.0006944444430700969,60756.84280305555,60756.84419194444,tbabs*po,43205.87890625,43213.87890625,43227.47155705607,43214.06409143518,199.10543274769586,217.0,120.0,71.1500015258789,3.869690179824829,0.8515259623527527,0.7980022430419922,0.9010534286499023,-9.53842544555664,-9.549039840698242,-9.527928352355957,1.3535865545272827,1.2945061922073364,1.408817172050476,0.030826503410935402,0.028780359774827957,0.032839298248291016
053_7626010106,60757.28894310185,0.0011284722204436548,60757.28781462963,60757.29007157407,tbabs*po,351.5706481933594,359.5706481933594,371.4775831630417,359.85636247907365,2.4934088524351727,141.0,195.0,35.5076904296875,0.4339869022369385,1.032747507095337,0.9881382584571838,1.10150945186615,-9.531429290771484,-9.539630889892578,-9.524489402770996,1.4247143268585205,1.3837336301803589,1.4786447286605835,0.03409642353653908,0.0324401780962944,0.03662288561463356
054_7626010106,60757.546969722214,0.001134259258833481,60757.54583546296,60757.54810398148,tbabs*po,392.5882873535156,400.5882873535156,411.8694136159358,400.92442180729716,3.2715690612792967,120.0,196.0,32.8724479675293,0.41621607542037964,1.1311115026474,1.0636727809906006,1.1931074857711792,-9.53469181060791,-9.544378280639648,-9.526982307434082,1.3631263971328735,1.310318112373352,1.4151759147644043,0.031434666365385056,0.029352029785513878,0.03342682123184204
055_7626010106,60757.61124055556,0.0010185185201407876,60757.61022203704,60757.61225907408,tbabs*po,308.23883056640625,316.23883056640625,329.2058186266448,316.45622187075406,1.6661558408994932,185.0,176.0,27.44318199157715,0.399252712726593,1.2779810428619385,1.187162160873413,1.3541498184204102,-9.570695877075195,-9.580668449401855,-9.562129974365234,1.269452691078186,1.2080103158950806,1.3228192329406738,0.02564736269414425,0.0235707126557827,0.02704400010406971
056_7626010106,60757.61507736111,0.0007349537045229226,60757.6143424074,60757.61581231481,tbabs*po,2856.59228515625,2864.59228515625,2876.3301808887727,2864.8907926189368,21.15994285300926,135.0,127.0,10.637795448303223,0.3134867548942566,6.211873531341553,4.730537414550781,7.125131130218506,-9.80299186706543,-9.83804988861084,-9.77287769317627,1.0302131175994873,0.6939457058906555,1.2372857332229614,0.010830794461071491,0.006284437607973814,0.014987585134804249
057_7626010106,60757.804978981476,0.0006481481468654238,60757.80433083333,60757.80562712962,tbabs*po,357.0875244140625,365.0875244140625,378.47595453693236,365.282646365282,1.733434584534284,206.0,112.0,30.58035659790039,0.5270749926567078,1.0849007368087769,0.9465304613113403,1.1965333223342896,-9.565465927124023,-9.578713417053223,-9.554555892944336,1.2605348825454712,1.2020552158355713,1.3474154472351074,0.025620335713028908,0.023677989840507507,0.02858932502567768
058_7626010107,60758.18893731481,0.0016203703708015382,60758.18731694444,60758.19055768518,tbabs*po,10313.8525390625,10321.8525390625,10333.675847292905,10322.14450986542,74.7380618772645,138.0,280.0,28.742856979370117,0.5377259254455566,1.5946505069732666,1.5049294233322144,1.6720677614212036,-9.592916488647461,-9.60212516784668,-9.583517074584961,1.2611993551254272,1.1984323263168335,1.314310073852539,0.024118246510624886,0.022190015763044357,0.025798359885811806
059_7626010107,60758.381784537036,0.0007060185198497493,60758.38107851852,60758.38249055556,tbabs*po,10839.634765625,10847.634765625,10861.227416431071,10847.819950810184,49.95223394297235,217.0,122.0,45.942623138427734,1.1158726215362549,1.233595848083496,1.16293466091156,1.3102401494979858,-9.537766456604004,-9.548327445983887,-9.52687931060791,1.603851556777954,1.5348966121673584,1.6751881837844849,0.04140319302678108,0.03825034201145172,0.04501825198531151
060_7626010107,60758.57744425925,0.0022800925908086356,60758.57516416666,60758.57972435184,tbabs*po,17714.75390625,17722.75390625,17734.577214480407,17723.04587705292,128.3677819293478,138.0,394.0,41.34010314941406,0.6608826518058777,1.1502374410629272,1.1246047019958496,1.2050325870513916,-9.523317337036133,-9.529823303222656,-9.517732620239258,1.4979102611541748,1.4708775281906128,1.5459625720977783,0.037992287427186966,0.036759838461875916,0.040147557854652405
061_7626010107,60758.64086439815,0.0013831018513883464,60758.6394812963,60758.6422475,tbabs*po,7525.3359375,7533.3359375,7545.686322840929,7533.590714570064,47.628708465189874,158.0,239.0,41.196651458740234,0.5853244066238403,1.1596986055374146,1.1207809448242188,1.2090163230895996,-9.511547088623047,-9.518098831176758,-9.504586219787598,1.5189210176467896,1.4804861545562744,1.5622678995132446,0.040016353130340576,0.03826490789651871,0.04208257421851158
062_7626010107,60758.64344541667,0.000630787035333924,60758.64281462963,60758.6440762037,tbabs*po,5669.18408203125,5677.18408203125,5689.007390261655,5677.476052834169,41.08104407269022,138.0,109.0,41.6422004699707,1.0998220443725586,1.0605840682983398,1.0013831853866577,1.1313865184783936,-9.52495002746582,-9.53805923461914,-9.515344619750977,1.4125170707702637,1.3487051725387573,1.4804273843765259,0.03414285555481911,0.031593307852745056,0.036825601011514664
063_7626010108,60759.100546111105,0.0011111111125501338,60759.099435,60759.10165722222,tbabs*po,2613.344482421875,2621.344482421875,2636.0101891743248,2621.4853274922975,9.169629762883773,285.0,192.0,36.74479293823242,0.47676005959510803,0.8899580240249634,0.813366174697876,0.9262869358062744,-9.556918144226074,-9.56690502166748,-9.544268608093262,1.372112512588501,1.2927958965301514,1.410163402557373,0.030199721455574036,0.02761761285364628,0.03149932622909546
064_7626010108,60759.48212597222,0.0010011574086092878,60759.48112481481,60759.48312712963,tbabs*po,2245.283447265625,2253.283447265625,2264.722696883072,2253.6060279107865,17.962267578125,125.0,173.0,38.28323745727539,0.5507923364639282,1.2010838985443115,1.1192151308059692,1.2530345916748047,-9.50843620300293,-9.51717472076416,-9.495366096496582,1.5044476985931396,1.4158905744552612,1.5496375560760498,0.03981296718120575,0.03621107339859009,0.041806481778621674
065_7626010108,60759.54681925925,0.0012268518512428273,60759.5455924074,60759.5480461111,tbabs*po,2704.21728515625,2712.21728515625,2724.641067051852,2712.46728515625,16.79638065314441,161.0,212.0,36.02358627319336,0.5034525990486145,1.08193039894104,1.034089207649231,1.1219202280044556,-9.537638664245605,-9.5460786819458,-9.530211448669434,1.4442293643951416,1.3954477310180664,1.485405445098877,0.03380909934639931,0.03251625970005989,0.03611687198281288
066_7626010108,60759.54891416666,0.0006828703699284233,60759.54823129629,60759.54959703703,tbabs*po,476.8368835449219,484.8368835449219,495.9868505160501,485.1847096318784,4.110662789180361,116.0,118.0,36.076271057128906,0.5650467872619629,1.1583176851272583,1.1078375577926636,1.2304749488830566,-9.522265434265137,-9.532299995422363,-9.511319160461426,1.48920476436615,1.432894229888916,1.5618236064910889,0.037636253982782364,0.0354033038020134,0.041183050721883774
067_7626010108,60759.61182504629,0.0015914351861283649,60759.61023361111,60759.61341648148,tbabs*po,1680.8006591796875,1688.8006591796875,1701.0000832086857,1689.0655598419391,11.057899073550576,152.0,275.0,36.82181930541992,0.410343199968338,1.1048215627670288,1.0723438262939453,1.1510593891143799,-9.524571418762207,-9.533175468444824,-9.518674850463867,1.4710099697113037,1.4389760494232178,1.5246126651763916,0.03648335859179497,0.03524774685502052,0.03855842724442482
068_7626010108,60759.61466648147,0.0007870370354794431,60759.61387944444,60759.61545351851,tbabs*po,383.13671875,391.13671875,403.8186547301526,391.370636878655,2.2275390625,172.0,136.0,36.139705657958984,0.5222675800323486,1.001109004020691,0.9249950051307678,1.07462739944458,-9.55858325958252,-9.571314811706543,-9.542313575744629,1.4529386758804321,1.3675991296768188,1.5348116159439087,0.03323149308562279,0.030537331476807594,0.03623655065894127
069_7626010108,60759.68142574074,0.002002314813580597,60759.67942342593,60759.683428055556,tbabs*po,1599.6402587890625,1607.6402587890625,1619.2908783320067,1607.945602300513,12.118486809008049,132.0,346.0,34.2687873840332,0.3361596465110779,0.9925548434257507,0.9325782656669617,1.0331201553344727,-9.552266120910645,-9.561777114868164,-9.542226791381836,1.3882417678833008,1.3295342922210693,1.434488296508789,0.03117929771542549,0.029272209852933884,0.03260715305805206
070_7626010108,60759.808833148156,0.003749999999854481,60759.80508314815,60759.81258314815,tbabs*po,2108.0849609375,2116.0849609375,2127.908269167905,2116.37693174042,15.27597797780797,138.0,648.0,35.439815521240234,0.2633766829967499,0.9958353638648987,0.9713987708091736,1.0229825973510742,-9.553312301635742,-9.557904243469238,-9.549707412719727,1.4446295499801636,1.418524146080017,1.4661927223205566,0.033275801688432693,0.032230935990810394,0.034164875745773315
071_7626010108,60759.87286092593,0.0012962962973688263,60759.87156462963,60759.87415722223,tbabs*po,476.0268249511719,484.0268249511719,495.40357329700623,484.3546938036309,3.8701367882209095,123.0,224.0,25.95535659790039,0.34627261757850647,0.9745763540267944,0.911368191242218,1.022080898284912,-9.527608871459961,-9.536155700683594,-9.519487380981445,1.3417036533355713,1.2938214540481567,1.3864585161209106,0.03114132210612297,0.029345139861106873,0.032837141305208206
072_7626010108,60759.875638703714,0.0012962962973688263,60759.87434240741,60759.87693500001,tbabs*po,4053.813720703125,4061.813720703125,4073.748147189958,4062.0974086463875,28.547983948613556,142.0,224.0,29.665178298950195,0.42041969299316406,0.9524244070053101,0.9008122682571411,1.0009920597076416,-9.53247356414795,-9.543452262878418,-9.52220630645752,1.425042748451233,1.3659738302230835,1.4813884496688843,0.03409593924880028,0.032008096575737,0.036149051040410995
073_7626010109,60760.004527592595,0.0015856481477385387,60760.00294194445,60760.00611324074,tbabs*po,7808.8271484375,7816.8271484375,7828.10827469992,7817.163282891282,65.0735595703125,120.0,274.0,25.883211135864258,0.47024622559547424,1.0582878589630127,0.9933351278305054,1.0971170663833618,-9.548139572143555,-9.557974815368652,-9.540301322937012,1.405380368232727,1.3446831703186035,1.4514356851577759,0.03210332617163658,0.029878612607717514,0.033801741898059845
074_7626010109,60760.06841648148,0.00204861110978527,60760.06636787037,60760.07046509259,tbabs*po,1157.5885009765625,1165.5885009765625,1177.6042862003444,1165.8662787543403,7.983368972252155,145.0,354.0,10.059322357177734,0.17645451426506042,1.2915083169937134,1.1648310422897339,1.3851648569107056,-9.65764045715332,-9.668923377990723,-9.646183967590332,0.7804282903671265,0.7063666582107544,0.8305765390396118,0.010366616770625114,0.00929403305053711,0.011156202293932438
075_7626010109,60760.19247898148,0.0014814814821875188,60760.1909975,60760.193960462966,tbabs*po,1131.158935546875,1139.158935546875,1152.0833700142935,1139.3787157666552,6.181196369108607,183.0,256.0,27.07421875,0.34467294812202454,1.2808399200439453,1.218605399131775,1.3472414016723633,-9.596539497375488,-9.60854721069336,-9.586567878723145,1.239434003829956,1.1852355003356934,1.2910398244857788,0.02326071262359619,0.021830514073371887,0.02475963719189167
076_7626010109,60760.196553055546,0.0024074074062809814,60760.19414564814,60760.198960462956,tbabs*po,1829.80029296875,1837.80029296875,1849.566862659187,1838.0965892650463,13.454413918887868,136.0,416.0,28.512020111083984,0.27773213386535645,1.250657558441162,1.2026054859161377,1.2901638746261597,-9.585247993469238,-9.592814445495605,-9.579214096069336,1.2744098901748657,1.235214352607727,1.3114793300628662,0.025007491931319237,0.023760301992297173,0.026013443246483803
077_7626010109,60760.25842226851,0.003778935184527654,60760.25464333333,60760.262201203695,tbabs*po,3432.1337890625,3440.1337890625,3452.0407240321824,3440.419503348214,24.341374390514183,141.0,653.0,19.68759536743164,0.19953890144824982,1.4745326042175293,1.399764060974121,1.5278871059417725,-9.662388801574707,-9.668401718139648,-9.656375885009766,0.9489840269088745,0.9044871926307678,0.9782066345214844,0.013254745863378048,0.01245439425110817,0.013808002695441246
078_7626010109,60760.32781462963,0.0007523148160544224,60760.32706231481,60760.328566944445,tbabs*po,1934.251220703125,1942.251220703125,1953.2655814675504,1942.6115810634853,17.27010018484933,112.0,130.0,13.869231224060059,0.40349432826042175,2.5656752586364746,2.198970079421997,2.846486806869507,-9.736702919006348,-9.757033348083496,-9.714138984680176,0.7342609167098999,0.5813673138618469,0.8462274670600891,0.008055813610553741,0.006416507065296173,0.009453057311475277
079_7626010109,60760.971506759255,0.0021759259252576157,60760.96933083333,60760.97368268518,tbabs*po,5735.5126953125,5743.5126953125,5755.104054512303,5743.82277283188,44.11932842548077,130.0,376.0,19.132978439331055,0.2785136103630066,1.2222983837127686,1.188136100769043,1.2944785356521606,-9.606675148010254,-9.61538028717041,-9.599080085754395,1.2097623348236084,1.186650276184082,1.2628910541534424,0.021779906004667282,0.020558688789606094,0.023347511887550354
080_7626010110,60761.03633314815,0.0019560185173759237,60761.03437712963,60761.03828916667,tbabs*po,2465.41015625,2473.41015625,2485.2051958115126,2473.704273897059,17.995694571167885,137.0,338.0,35.677513122558594,0.3605041205883026,1.0410666465759277,1.0084444284439087,1.0931857824325562,-9.577533721923828,-9.5839204788208,-9.570005416870117,1.4554210901260376,1.4189763069152832,1.5040894746780396,0.031896281987428665,0.030686603859066963,0.033792149275541306
081_7626010110,60761.48150675926,0.00074074073927477,60761.48076601852,60761.4822475,tbabs*po,488.79486083984375,496.79486083984375,508.04359826133344,497.1338438906912,4.107519838990283,119.0,128.0,32.3125,0.5140736103057861,1.2528997659683228,1.1849926710128784,1.3083231449127197,-9.556933403015137,-9.567622184753418,-9.547572135925293,1.5008139610290527,1.434712529182434,1.5567649602890015,0.03542092442512512,0.032503146678209305,0.037582144141197205
082_7626010111,60762.06396046297,0.000763888889196096,60762.06319657408,60762.06472435186,tbabs*po,224.82449340820312,232.82449340820312,245.17487874913266,233.0792704782668,1.4229398316974882,158.0,132.0,21.484848022460938,0.40639543533325195,1.3136680126190186,1.249865174293518,1.4510952234268188,-9.558344841003418,-9.577475547790527,-9.546303749084473,1.596860408782959,1.5348036289215088,1.7435373067855835,0.039016976952552795,0.03618476912379265,0.04578457400202751
083_7626010111,60762.128381759256,0.0006481481468654238,60762.12773361111,60762.1290299074,tbabs*po,186.88108825683594,194.88108825683594,206.35122605865826,195.20108825683593,1.4831832401336185,126.0,112.0,22.1875,0.44807085394859314,1.1999707221984863,1.1176410913467407,1.3292773962020874,-9.559144973754883,-9.575540542602539,-9.552236557006836,1.5353517532348633,1.465577244758606,1.660943865776062,0.03635331988334656,0.033471785485744476,0.041895922273397446
084_7626010115,60766.12604379629,0.00268518518350902,60766.12335861111,60766.12872898148,tbabs*po,568.0592651367188,576.0592651367188,589.0473614253607,576.275481352935,3.05408207062752,186.0,464.0,10.993534088134766,0.15524522960186005,1.9172197580337524,1.811235785484314,2.0313894748687744,-9.808265686035156,-9.8184175491333,-9.804421424865723,0.8511225581169128,0.803502082824707,0.907377302646637,0.00815309677273035,0.007570176385343075,0.008682952262461185
085_7626010116,60767.35825444445,0.0017592592594155576,60767.35649518519,60767.36001370371,tbabs*po,783.8953247070312,791.8953247070312,803.0452916781594,792.2431507939878,6.757718316439925,116.0,304.0,28.5657901763916,0.31471484899520874,1.0941754579544067,1.038264513015747,1.1415953636169434,-9.633158683776855,-9.641510963439941,-9.627460479736328,1.4558690786361694,1.4091602563858032,1.4941905736923218,0.02804950252175331,0.026419175788760185,0.029409557580947876
087_7626010117,60768.64850328704,0.002135416667442769,60768.64636787037,60768.65063870371,tbabs*po,1029.6224365234375,1037.6224365234375,1049.2730560663817,1037.927780034888,7.800169973662405,132.0,369.0,10.43360424041748,0.16983191668987274,3.184084177017212,2.857954740524292,3.382020950317383,-9.793235778808594,-9.804837226867676,-9.780393600463867,0.8252803683280945,0.7066920399665833,0.8947473168373108,0.008138380944728851,0.006814995314925909,0.009004990570247173
088_8202630110,60769.027345879615,0.001093750001018634,60769.02625212962,60769.02843962962,tbabs*po,426.4590759277344,434.4590759277344,447.42606398797295,434.6764672320822,2.3051841942039695,185.0,189.0,12.433862686157227,0.25767621397972107,2.089048147201538,1.8664193153381348,2.313958168029785,-9.795211791992188,-9.810281753540039,-9.781493186950684,0.8625050187110901,0.7810710072517395,0.9607217311859131,0.008581727743148804,0.007589238230139017,0.009730634279549122
089_8202630110,60769.48070814814,0.001354166666715173,60769.47935398148,60769.48206231481,tbabs*po,516.1853637695312,524.1853637695312,535.4664900319514,524.5214982233127,4.301544698079427,120.0,234.0,16.132478713989258,0.2645568549633026,1.6957825422286987,1.572620153427124,1.8524537086486816,-9.712424278259277,-9.7313871383667,-9.697532653808594,1.249538540840149,1.1645194292068481,1.367318034172058,0.018033798784017563,0.01633073203265667,0.020535949617624283
090_8202630110,60769.807108611116,0.005902777778828749,60769.80120583333,60769.81301138889,tbabs*po,1349.0870361328125,1357.0870361328125,1369.1561554800721,1357.3610087355523,9.17746283083546,147.0,1020.0,27.167646408081055,0.17120769619941711,1.2261639833450317,1.2069045305252075,1.2592097520828247,-9.650761604309082,-9.655008316040039,-9.646623611450195,1.4619030952453613,1.442757487297058,1.49441397190094,0.027140971273183823,0.0265582837164402,0.02819414995610714
091_8202630111,60770.37441185185,0.000914351850951789,60770.3734975,60770.3753262037,tbabs*po,580.0225219726562,588.0225219726562,599.9017751709603,588.3102917568289,4.143018014090401,140.0,158.0,28.71518898010254,0.4308246672153473,1.2350125312805176,1.116137981414795,1.3117306232452393,-9.645157814025879,-9.658693313598633,-9.624835968017578,1.461496114730835,1.3475593328475952,1.5396825075149536,0.02748194709420204,0.024660373106598854,0.02988538146018982
092_8202630112,60771.096159537046,0.0017592592594155576,60771.09440027778,60771.0979187963,tbabs*po,839.6531982421875,847.6531982421875,860.3803324433559,847.8844121150198,4.825593093345905,174.0,304.0,20.240131378173828,0.26069000363349915,1.40077805519104,1.3075158596038818,1.5044957399368286,-9.693860054016113,-9.710997581481934,-9.675786972045898,1.0495082139968872,0.9723544716835022,1.1314594745635986,0.01427091658115387,0.01316643226891756,0.015602926723659039
093_8202630112,60771.09930768518,0.0008333333316841163,60771.09847435185,60771.10014101851,tbabs*po,499.34747314453125,507.34747314453125,518.5962105660209,507.6864561953787,4.196197253315389,119.0,144.0,25.04861068725586,0.42020338773727417,1.3050189018249512,1.2002352476119995,1.4143162965774536,-9.66584587097168,-9.678829193115234,-9.64465618133545,1.2668547630310059,1.1668763160705566,1.3489410877227783,0.020535554736852646,0.018513662740588188,0.02274228446185589
094_8202630112,60771.1028262037,0.00120370370495948,60771.1016225,60771.10402990741,tbabs*po,480.1795654296875,488.1795654296875,501.0609887300008,488.40178765190973,2.652925775854627,181.0,208.0,26.37980842590332,0.36008384823799133,1.1630932092666626,1.0800668001174927,1.2139774560928345,-9.669875144958496,-9.6795015335083,-9.658026695251465,1.385805368423462,1.3016042709350586,1.4286117553710938,0.023696543648838997,0.021500734612345695,0.0249418206512928
095_8202630112,60771.20531462963,0.0006597222236450762,60771.20465490741,60771.205974351855,tbabs*po,407.41192626953125,415.41192626953125,426.4946647673939,415.76590857041623,3.5737888269257128,114.0,114.0,25.5,0.4766785502433777,1.3786076307296753,1.2704219818115234,1.482612133026123,-9.69288444519043,-9.705842971801758,-9.677558898925781,1.5531132221221924,1.4552381038665771,1.6475484371185303,0.027329185977578163,0.024165945127606392,0.030526909977197647
096_8202630114,60773.03911671297,0.001024305554892635,60773.03809240741,60773.04014101852,tbabs*po,265.1991882324219,273.1991882324219,285.47480504130283,273.45892849216216,1.7109625047253023,155.0,177.0,23.423728942871094,0.3670606017112732,1.1834385395050049,1.1154167652130127,1.2709894180297852,-9.714975357055664,-9.72511100769043,-9.703995704650879,1.4361801147460938,1.37411367893219,1.5044071674346924,0.022699786350131035,0.021069498732686043,0.024732377380132675
097_8202630114,60773.16513523148,0.004172453704086365,60773.16096277778,60773.16930768519,tbabs*po,701.7630004882812,709.7630004882812,721.5863087186863,710.054971291201,5.085239133973053,138.0,721.0,24.600555419921875,0.19067615270614624,1.2379484176635742,1.2069065570831299,1.2753098011016846,-9.68136978149414,-9.68596363067627,-9.67599868774414,1.4366241693496704,1.4056081771850586,1.4657418727874756,0.024545105174183846,0.023682815954089165,0.025499876588582993
098_8202630114,60773.23283777777,0.0010532407395658083,60773.23178453703,60773.233891018506,tbabs*po,276.5810241699219,284.5810241699219,297.7942438021582,284.78510580257495,1.4039645896950348,197.0,182.0,24.02747344970703,0.36675864458084106,1.1477380990982056,1.0939514636993408,1.2144804000854492,-9.71372127532959,-9.724776268005371,-9.703893661499023,1.4583020210266113,1.402134895324707,1.5272389650344849,0.023349331691861153,0.021883511915802956,0.025293167680501938
099_8202630114,60773.68238060185,0.0031307870376622304,60773.67924981481,60773.68551138889,tbabs*po,588.667236328125,596.667236328125,608.2585955279286,596.9773138475049,4.528209510216346,130.0,541.0,22.563770294189453,0.208766371011734,1.3013346195220947,1.2534619569778442,1.351423978805542,-9.708796501159668,-9.715028762817383,-9.702385902404785,1.430465817451477,1.3884197473526,1.4694538116455078,0.022883018478751183,0.021757274866104126,0.023996038362383842
100_8202630114,60773.74738638888,0.0026504629640839994,60773.74473592592,60773.750036851845,tbabs*po,580.7394409179688,588.7394409179688,600.6738674048021,589.0231288612312,4.089714372661752,142.0,458.0,17.862445831298828,0.2003822922706604,1.5950623750686646,1.5157110691070557,1.659471035003662,-9.752074241638184,-9.759626388549805,-9.74451732635498,1.3296020030975342,1.2762142419815063,1.3728069067001343,0.01827026531100273,0.01703030802309513,0.019318783655762672
101_8202630117,60776.24756,0.0006944444430700969,60776.24686555556,60776.24825444444,tbabs*po,570.7177124023438,578.7177124023438,591.2609061505448,578.960136644768,3.438058508447854,166.0,120.0,23.024999618530273,0.44190841913223267,1.3804831504821777,1.2650847434997559,1.5159412622451782,-9.752457618713379,-9.76749324798584,-9.729170799255371,1.6174041032791138,1.4738317728042603,1.7579798698425293,0.0255866851657629,0.02282203547656536,0.029125189408659935
102_8202630117,60776.37731694444,0.001678240740147885,60776.3756387037,60776.37899518518,tbabs*po,701.0107421875,709.0107421875,721.2101662164981,709.2756428497516,4.6119127775493425,152.0,290.0,21.282758712768555,0.2754714787006378,1.264047622680664,1.208505630493164,1.327216386795044,-9.764363288879395,-9.773675918579102,-9.75292682647705,1.501285195350647,1.4454703330993652,1.5652271509170532,0.021929459646344185,0.02069711685180664,0.02368105575442314
103_8202630119,60778.3898574537,0.0009201388893416151,60778.38893731481,60778.39077759259,tbabs*po,339.4324035644531,347.4324035644531,359.33933853413544,347.7181178501674,2.4073220110954123,141.0,159.0,18.358489990234375,0.342515230178833,1.2294856309890747,1.1689443588256836,1.3323755264282227,-9.824237823486328,-9.836787223815918,-9.800949096679688,1.3897297382354736,1.2840442657470703,1.4741183519363403,0.016690265387296677,0.014259159564971924,0.018488939851522446
104_8202630119,60778.63793037038,0.0010648148163454607,60778.63686555556,60778.638995185196,tbabs*po,371.14410400390625,379.14410400390625,390.8531187445351,379.4448558836055,2.769732119432136,134.0,184.0,20.22282600402832,0.33513084053993225,1.2176870107650757,1.1559202671051025,1.2985289096832275,-9.790811538696289,-9.801362037658691,-9.778702735900879,1.46772038936615,1.3978168964385986,1.542173147201538,0.019761335104703903,0.018361946567893028,0.021561361849308014
105_8202630120,60779.29661671296,0.002552083333284827,60779.29406462963,60779.29916879629,tbabs*po,743.2871704101562,751.2871704101562,762.8485669230432,751.5996704101562,5.761916049691134,129.0,441.0,19.42630386352539,0.21348696947097778,1.3046624660491943,1.2498059272766113,1.379342794418335,-9.794252395629883,-9.803153038024902,-9.783544540405273,1.4886177778244019,1.4279779195785522,1.551635980606079,0.020148763433098793,0.018975501880049706,0.0216936357319355
106_8202630120,60779.484058842594,0.002378472221607808,60779.48168037037,60779.486437314816,tbabs*po,772.0859375,780.0859375,792.4609383032271,780.339102056962,4.8558863993710695,159.0,411.0,18.583942413330078,0.21656526625156403,1.3411897420883179,1.2776015996932983,1.399499773979187,-9.822452545166016,-9.82990837097168,-9.810493469238281,1.5511553287506104,1.4782140254974365,1.5801013708114624,0.02028651162981987,0.018937477841973305,0.021540705114603043
107_8202630120,60779.61622319445,0.005630787036352558,60779.61059240741,60779.62185398148,tbabs*po,1099.86328125,1107.86328125,1119.7146597710396,1108.1531363224638,7.912685476618705,139.0,973.0,17.45631980895996,0.13873881101608276,1.3852458000183105,1.3478965759277344,1.4212777614593506,-9.822893142700195,-9.828439712524414,-9.817200660705566,1.5026754140853882,1.464064121246338,1.5364809036254883,0.019219139590859413,0.01837177947163582,0.01991741731762886
108_8202630120,60779.67061555555,0.0014583333322661929,60779.66915722222,60779.67207388888,tbabs*po,648.7718505859375,656.7718505859375,669.5436779894983,657.0004220145089,3.6862036965110083,176.0,252.0,18.5238094329834,0.274539977312088,1.410363793373108,1.3448258638381958,1.4967195987701416,-9.817938804626465,-9.828737258911133,-9.790230751037598,1.5294569730758667,1.4668949842453003,1.6123273372650146,0.019975079223513603,0.018578652292490005,0.022149160504341125
109_8202630120,60779.67598013888,0.0009664351855462883,60779.6750137037,60779.67694657407,tbabs*po,282.5168762207031,290.5168762207031,302.9163419319999,290.76844854774714,1.7657304763793946,160.0,167.0,17.892215728759766,0.33021438121795654,1.518851399421692,1.417293667793274,1.6092631816864014,-9.80505084991455,-9.819232940673828,-9.793540954589844,1.661044716835022,1.5820722579956055,1.7466527223587036,0.024236179888248444,0.021307867020368576,0.02649012766778469
110_8202630120,60779.73534356481,0.0013715277782466728,60779.73397203704,60779.73671509259,tbabs*po,515.29345703125,523.29345703125,536.7198021299381,523.4866937462258,2.4773723895733175,208.0,237.0,18.649789810180664,0.28402772545814514,1.3569450378417969,1.2858291864395142,1.4314842224121094,-9.820734024047852,-9.83130168914795,-9.810169219970703,1.567784070968628,1.4981695413589478,1.6369307041168213,0.020930686965584755,0.019136743620038033,0.022493328899145126
111_8202630120,60779.799307685185,0.0007754629623377696,60779.79853222222,60779.80008314815,tbabs*po,319.6874084472656,327.6874084472656,340.39200737756096,327.9199665868005,1.8479040950708996,173.0,134.0,18.24626922607422,0.3718615770339966,1.3650891780853271,1.2891076803207397,1.4935579299926758,-9.799887657165527,-9.813848495483398,-9.793102264404297,1.4144343137741089,1.3527562618255615,1.5268609523773193,0.018137849867343903,0.016802532598376274,0.020885029807686806
112_8202630120,60779.805308842595,0.0013020833321206737,60779.80400675926,60779.80661092592,tbabs*po,341.97625732421875,349.97625732421875,363.9975834679482,350.1422324279532,1.4131250302653668,242.0,225.0,18.497777938842773,0.29030725359916687,1.3287221193313599,1.2786751985549927,1.4459022283554077,-9.803770065307617,-9.814385414123535,-9.792194366455078,1.5079389810562134,1.4621957540512085,1.6074507236480713,0.02010389044880867,0.01904245838522911,0.022685592994093895
113_8202630120,60779.928786851844,0.0006481481468654238,60779.9281387037,60779.92943499999,tbabs*po,680.2507934570312,688.2507934570312,700.576410916969,688.5072037134415,4.332807601637142,157.0,112.0,11.151785850524902,0.31759634613990784,2.464128017425537,1.9186179637908936,2.9890196323394775,-9.928893089294434,-9.969710350036621,-9.877690315246582,1.0869436264038086,0.7974347472190857,1.3601789474487305,0.007770602125674486,0.006072499789297581,0.011272398754954338
114_8202630120,60779.934550740734,0.0016435185170848854,60779.93290722222,60779.93619425925,tbabs*po,483.9942626953125,491.9942626953125,503.8735158936165,492.28203247948517,3.457101876395089,140.0,284.0,17.626760482788086,0.25196659564971924,1.3281176090240479,1.232661485671997,1.410905361175537,-9.826030731201172,-9.837732315063477,-9.811744689941406,1.4402512311935425,1.3521443605422974,1.5149556398391724,0.017687028273940086,0.01608750782907009,0.01918257214128971
115_8202630121,60780.64452759258,0.00643518518700148,60780.6380924074,60780.65096277777,tbabs*po,2149.84765625,2157.84765625,2169.6142259404373,2158.143952546296,15.807703354779411,136.0,1112.0,7.351618766784668,0.08603906631469727,2.6017391681671143,2.5012199878692627,2.7430062294006348,-9.982887268066406,-9.99140739440918,-9.977110862731934,0.8146821856498718,0.7751834988594055,0.8734742403030396,0.005167474504560232,0.004850226454436779,0.005648286081850529
116_8202630122,60781.03699287037,0.0019907407404389232,60781.03500212963,60781.03898361111,tbabs*po,766.831298828125,774.831298828125,786.4819183710692,775.1366423395754,5.8093280214251894,132.0,344.0,17.793603897094727,0.23068448901176453,1.1938835382461548,1.1298916339874268,1.26909339427948,-9.837238311767578,-9.850556373596191,-9.822185516357422,1.3542171716690063,1.2800695896148682,1.4323129653930664,0.01538391225039959,0.014405601657927036,0.01679364964365959
117_8202630123,60783.80960861111,0.0047685185199952684,60783.80484009259,60783.81437712963,tbabs*po,984.7527465820312,992.7527465820312,1005.1277473852583,993.0059111389933,6.19341350051592,159.0,824.0,16.640777587890625,0.14640240371227264,1.2835884094238281,1.2498950958251953,1.3274527788162231,-9.849529266357422,-9.855096817016602,-9.843023300170898,1.4127147197723389,1.378546118736267,1.4523308277130127,0.016175661236047745,0.015578220598399639,0.01698710396885872
118_8202630124,60784.128428055556,0.0006018518506607506,60784.1278262037,60784.1290299074,tbabs*po,464.7815856933594,472.7815856933594,485.03196582546724,473.04302360185613,3.0180622447620737,154.0,104.0,18.56730842590332,0.4249415993690491,1.3567347526550293,1.2543060779571533,1.5100445747375488,-9.849743843078613,-9.867313385009766,-9.82652473449707,1.451560378074646,1.3321276903152466,1.600339412689209,0.016902249306440353,0.015087096020579338,0.01853763498365879
119_8202630124,60784.1328725,0.0023611111100763083,60784.13051138889,60784.13523361111,tbabs*po,1198.553466796875,1206.553466796875,1218.64898888026,1206.8255756404124,8.09833423511402,148.0,408.0,18.193628311157227,0.21533945202827454,1.2156548500061035,1.1636393070220947,1.2754770517349243,-9.853902816772461,-9.862318992614746,-9.843534469604492,1.4154688119888306,1.358628749847412,1.472280740737915,0.01607310026884079,0.015112019143998623,0.017141511663794518
120_8202630124,60784.13639101852,0.0009722222239361145,60784.13541879629,60784.13736324074,tbabs*po,375.6848449707031,383.6848449707031,396.77684320495814,383.8953712864926,1.9669363611031576,191.0,168.0,17.077381134033203,0.32099592685699463,1.3049684762954712,1.234025001525879,1.4233845472335815,-9.859838485717773,-9.873393058776855,-9.845538139343262,1.4581832885742188,1.3883438110351562,1.5646220445632935,0.016712505370378494,0.014915606006979942,0.01851848140358925
121_8202630124,60784.326043796296,0.004826388889341615,60784.32121740741,60784.330870185186,tbabs*po,1512.2459716796875,1520.2459716796875,1532.7655665393797,1520.489874118712,9.165127101089015,165.0,834.0,16.670263290405273,0.14654454588890076,1.2655707597732544,1.2248347997665405,1.30912446975708,-9.867271423339844,-9.872902870178223,-9.860183715820312,1.4311403036117554,1.388400673866272,1.4669252634048462,0.015896914526820183,0.015180947259068489,0.016623038798570633
122_8202630124,60784.77565027778,0.0029166666681703646,60784.77273361111,60784.77856694445,tbabs*po,1278.570068359375,1286.570068359375,1298.2790831000038,1286.8708202390742,9.541567674323694,134.0,504.0,16.932538986206055,0.18742337822914124,1.3066625595092773,1.2497165203094482,1.3720084428787231,-9.868810653686523,-9.876728057861328,-9.860034942626953,1.4572185277938843,1.4046859741210938,1.5127551555633545,0.016325753182172775,0.0153419841080904,0.01749430038034916
123_8202630125,60785.16820814814,0.0006944444430700969,60785.1675137037,60785.16890259259,tbabs*po,631.0088500976562,639.0088500976562,650.0915885955189,639.3628323985412,5.535165351733827,114.0,120.0,16.183332443237305,0.3715859651565552,1.4183682203292847,1.3012936115264893,1.612358570098877,-9.915512084960938,-9.934606552124023,-9.89448070526123,1.4873979091644287,1.3818612098693848,1.7211449146270752,0.015155734494328499,0.013324876315891743,0.018320288509130478
124_8202630125,60785.297050740744,0.0009259259277314413,60785.29612481481,60785.29797666667,tbabs*po,572.5894775390625,580.5894775390625,592.3273732715853,580.887985001749,4.241403537326389,135.0,160.0,16.231250762939453,0.32083025574684143,1.459811806678772,1.3034377098083496,1.56294584274292,-9.886148452758789,-9.902562141418457,-9.860276222229004,1.5449724197387695,1.3723312616348267,1.650526762008667,0.016420280560851097,0.01473666075617075,0.0192838404327631
125_8202630125,60785.489793796296,0.002662037037225673,60785.48713175926,60785.49245583334,tbabs*po,869.5067138671875,877.5067138671875,889.3300220975925,877.7986846701073,6.300773288892663,138.0,460.0,14.108695983886719,0.17811577022075653,1.3557430505752563,1.290751576423645,1.4090876579284668,-9.89816665649414,-9.906323432922363,-9.889455795288086,1.296085000038147,1.2390029430389404,1.3362921476364136,0.012139357626438141,0.011631494387984276,0.013161340728402138
126_8202630125,60785.6753725,0.0010300925932824612,60785.67434240741,60785.676402592595,tbabs*po,504.58685302734375,512.5868530273438,523.9636013731781,512.9147218798028,4.102332138433689,123.0,178.0,10.97191047668457,0.24999338388442993,1.9497548341751099,1.8416131734848022,2.1778104305267334,-9.949131965637207,-9.964068412780762,-9.93250560760498,1.3406099081039429,1.2671973705291748,1.4805934429168701,0.011704489588737488,0.010663267225027084,0.01419762708246708
127_8202630125,60785.68168037037,0.004259259258105885,60785.67742111111,60785.68593962963,tbabs*po,1309.455078125,1317.455078125,1329.3620130946822,1317.7407924107142,9.286915447695035,141.0,736.0,8.71875,0.1109001636505127,2.0510575771331787,1.9563136100769043,2.1460390090942383,-9.993571281433105,-10.002366065979004,-9.985601425170898,1.0474356412887573,0.9942416548728943,1.0995256900787354,0.007139965426176786,0.006654507014900446,0.007705514784902334
128_8202630126,60786.0019812963,0.005185185185837327,60785.99679611111,60786.00716648148,tbabs*po,2434.87646484375,2442.87646484375,2454.72784336479,2443.166319916214,17.517096869379497,139.0,896.0,9.098214149475098,0.10401377081871033,1.8292226791381836,1.7066621780395508,1.9407248497009277,-10.012805938720703,-10.024985313415527,-9.994858741760254,1.014696478843689,0.9358058571815491,1.0840946435928345,0.006515283603221178,0.005975801032036543,0.0070441486313939095
129_8202630126,60786.00800560185,0.00065393518525525,60786.00735166667,60786.00865953704,tbabs*po,391.5372619628906,399.5372619628906,412.3090893664515,399.7658333914621,2.2246435338800605,176.0,113.0,8.734513282775879,0.279880166053772,1.9944391250610352,1.7365530729293823,2.26686954498291,-10.00171947479248,-10.024125099182129,-9.980644226074219,0.9731594324111938,0.8359705805778503,1.1148686408996582,0.006286242511123419,0.00516758905723691,0.007703238166868687
130_8202630126,60786.13359009259,0.000613425927440403,60786.13297666667,60786.13420351852,tbabs*po,971.9328002929688,979.9328002929688,990.272670207651,980.3629078198504,10.33971064141456,94.0,106.0,5.566037654876709,0.23089000582695007,1.941638469696045,1.4465281963348389,2.4554617404937744,-10.399250984191895,-10.482958793640137,-10.334017753601074,0.5,0.0,0.563297688961029,0.0011936473893001676,0.0009893822716549039,0.0013899423647671938
131_8202630126,60786.13599171296,0.0016030092592700385,60786.1343887037,60786.13759472222,tbabs*po,1518.7122802734375,1526.7122802734375,1538.2130695662422,1527.0297405908977,11.95836441160187,127.0,277.0,5.7509026527404785,0.14646591246128082,2.601377487182617,2.3157997131347656,2.87850284576416,-10.175118446350098,-10.204021453857422,-10.14908218383789,0.5,0.0,0.5224885940551758,0.0019917222671210766,0.001867015496827662,0.002125087659806013
132_8202630126,60786.32515837962,0.003859953703795327,60786.32129842592,60786.32901833333,tbabs*po,1418.00634765625,1426.00634765625,1438.1280993418197,1426.2766179265202,9.51682112520973,149.0,667.0,14.650674819946289,0.15221422910690308,1.4052231311798096,1.3430918455123901,1.4653584957122803,-9.924893379211426,-9.933621406555176,-9.915610313415527,1.544175624847412,1.4773811101913452,1.6055099964141846,0.015888217836618423,0.014921843074262142,0.01694580726325512
133_8202630126,60786.33012944444,0.0009259259277314413,60786.32920351851,60786.33105537036,tbabs*po,488.0931396484375,496.0931396484375,507.94451816947713,496.38299472090125,3.5114614363196943,139.0,160.0,14.987500190734863,0.3082370460033417,1.255345344543457,1.1407898664474487,1.3984458446502686,-9.941488265991211,-9.95992660522461,-9.918952941894531,1.5228712558746338,1.4018925428390503,1.6646347045898438,0.014942849054932594,0.013344828970730305,0.01657130941748619
134_8202630126,60786.582768333334,0.0006944444430700969,60786.58207388889,60786.58346277777,tbabs*po,611.298583984375,619.298583984375,631.9805199645276,619.53250211303,3.554061534792878,172.0,120.0,15.641666412353516,0.3629821836948395,1.4559869766235352,1.3058483600616455,1.6174938678741455,-9.925166130065918,-9.943662643432617,-9.900339126586914,1.3987315893173218,1.2520912885665894,1.5309163331985474,0.01261073350906372,0.011935329996049404,0.01575654186308384
135_8202630126,60786.58549981481,0.0012962962973688263,60786.58420351852,60786.586796111114,tbabs*po,699.7007446289062,707.7007446289062,719.32184374266,708.0084369365985,5.341227058235925,131.0,224.0,12.803571701049805,0.241153284907341,1.625354528427124,1.4877849817276,1.7583929300308228,-9.874747276306152,-9.892973899841309,-9.86233139038086,1.0613676309585571,0.9808018207550049,1.1467145681381226,0.009568956680595875,0.008557180874049664,0.010649082250893116
136_8202630126,60786.588098194436,0.0011168981473019812,60786.58698129629,60786.58921509259,tbabs*po,576.2932739257812,584.2932739257812,596.0022886664101,584.5940258054804,4.300696074072994,134.0,193.0,14.77202033996582,0.27959707379341125,1.2486003637313843,1.161901831626892,1.378967046737671,-9.910314559936523,-9.927114486694336,-9.887693405151367,1.298712968826294,1.208146333694458,1.4162023067474365,0.012147372588515282,0.01115495152771473,0.013973124325275421
137_8202630126,60786.97165722222,0.0047685185199952684,60786.9668887037,60786.97642574074,tbabs*po,1665.2835693359375,1673.2835693359375,1685.2993545597194,1673.5613471137153,11.484714271282328,145.0,824.0,14.61286449432373,0.13717813789844513,1.3861300945281982,1.3374699354171753,1.4220937490463257,-9.924412727355957,-9.932234764099121,-9.914717674255371,1.5439417362213135,1.482472538948059,1.5964953899383545,0.015909409150481224,0.015075432136654854,0.0166302639991045
138_8202630131,60811.05849171296,0.0019965277788287494,60811.05649518518,60811.060488240735,tbabs*po,1300.539306640625,1308.539306640625,1319.1930630170732,1308.9353462445854,12.750385359221815,102.0,345.0,3.0144927501678467,0.0964541807770729,1.9456294775009155,1.702782154083252,2.39121150970459,-10.666756629943848,-10.700101852416992,-10.638114929199219,1.4136213064193726,1.2361904382705688,1.7261412143707275,0.002453071530908346,0.0019536155741661787,0.0035418483894318342
139_8202630131,60811.06284356482,0.0006076388890505768,60811.06223592593,60811.06345120371,tbabs*po,491.1289367675781,499.1289367675781,511.06336325441146,499.41262471084053,3.458654484278719,142.0,105.0,3.4666666984558105,0.18455570936203003,1.496839165687561,1.148259162902832,1.9673545360565186,-10.622021675109863,-10.674845695495605,-10.577590942382812,1.2245539426803589,0.9618204832077026,1.5513873100280762,0.002138352021574974,0.001538719516247511,0.0032172345090657473
140_8202630131,60811.12247319444,0.0017071759248210583,60811.12076601852,60811.12418037037,tbabs*po,914.1424560546875,922.1424560546875,934.6383119723006,922.3878548276937,5.574039366187119,164.0,295.0,3.522033929824829,0.11151758581399918,1.420584797859192,1.1955890655517578,1.7371265888214111,-10.581683158874512,-10.635398864746094,-10.555221557617188,1.1317399740219116,0.9717774391174316,1.3975495100021362,0.0020701789762824774,0.0016841869801282883,0.0026038321666419506
141_8202630131,60811.1256387037,0.0012731481474475004,60811.12436555555,60811.12691185185,tbabs*po,517.5992431640625,525.5992431640625,536.7157371365087,525.950120357045,4.500862984035326,115.0,220.0,3.263636350631714,0.12379675358533859,1.1208502054214478,0.9435178637504578,1.3565312623977661,-10.565743446350098,-10.605323791503906,-10.533515930175781,0.8321927785873413,0.6827113628387451,1.013694405555725,0.0013702979777008295,0.0011427969438955188,0.001739045139402151
142_8202630131,60811.18062712962,0.002442129629343981,60811.178185,60811.183069259256,tbabs*po,1364.5289306640625,1372.5289306640625,1384.1795502070067,1372.834274175513,10.337340383818656,132.0,422.0,3.3625593185424805,0.09306472539901733,1.8178271055221558,1.5971506834030151,2.064012289047241,-10.636119842529297,-10.66177749633789,-10.608908653259277,1.6093674898147583,1.4264156818389893,1.8181575536727905,0.0033287592232227325,0.0026623972225934267,0.004129703156650066
143_8202630131,60811.187212777775,0.003958333334594499,60811.18325444444,60811.19117111111,tbabs*po,2281.79541015625,2289.79541015625,2301.265547958072,2290.11541015625,18.10948738219246,126.0,684.0,3.574561357498169,0.07560437172651291,1.708280324935913,1.4897080659866333,1.902471661567688,-10.629303932189941,-10.651249885559082,-10.596549034118652,1.4880638122558594,1.2758872509002686,1.6607410907745361,0.0029580413829535246,0.002420669887214899,0.003562125377357006
144_8202630131,60811.24759472223,0.004837962962483289,60811.24275675926,60811.252432685185,tbabs*po,2617.33154296875,2625.33154296875,2637.374084145135,2625.6074050377156,17.92692837649829,146.0,836.0,2.6638755798339844,0.06159541383385658,1.5190786123275757,1.37742280960083,1.8288522958755493,-10.608501434326172,-10.637792587280273,-10.591609954833984,0.6415122151374817,0.567837119102478,0.8039594888687134,0.0009265527478419244,0.0008346211398020387,0.001171530457213521
145_8202630131,60811.315065787036,0.0006076388890505768,60811.31445814815,60811.315673425925,tbabs*po,811.7080078125,819.7080078125,828.9779602666453,820.2794363839286,11.432507152288732,71.0,105.0,3.171428680419922,0.17938433587551117,3.513298988342285,1.6429905891418457,6.661889553070068,-10.63106632232666,-10.718748092651367,-10.532608985900879,1.0017541646957397,0.0,1.9840608835220337,0.0015352825867012143,0.00060877954820171,0.00642666919156909
146_8202630131,60811.3804361574,0.0011631944435066544,60811.37927296296,60811.381599351844,tbabs*po,1028.599609375,1036.599609375,1047.648305114191,1036.956752232143,9.10265141039823,113.0,201.0,3.781094551086426,0.13990460336208344,0.8517691493034363,0.6791890859603882,1.0812230110168457,-10.59154987335205,-10.641427993774414,-10.53863525390625,0.5,0.0,0.5701025724411011,0.000756375549826771,0.000682625628542155,0.0008687514346092939
147_8202630131,60811.44820814814,0.0007870370354794431,60811.44742111111,60811.44899518518,tbabs*po,704.0003051757812,712.0003051757812,722.2576979416526,712.4398656153417,7.652177230171535,92.0,136.0,3.588235378265381,0.16485996544361115,2.4274251461029053,1.9511712789535522,3.0234334468841553,-10.599132537841797,-10.652499198913574,-10.517318725585938,1.8365581035614014,1.4514267444610596,2.2838048934936523,0.004520513117313385,0.002915366319939494,0.007680398412048817
148_8202630131,60811.44978222222,0.0006018518506607506,60811.44918037037,60811.45038407407,tbabs*po,421.40509033203125,429.40509033203125,439.3596358109598,429.88128080822173,4.9577069450827205,85.0,104.0,3.326923131942749,0.1803482174873352,1.2800533771514893,1.0341384410858154,1.7702733278274536,-10.609992980957031,-10.666114807128906,-10.559561729431152,0.8776185512542725,0.6700682640075684,1.2154680490493774,0.001357219647616148,0.0010235351510345936,0.0021104447077959776
149_8202630131,60811.51312712963,0.0011921296281798277,60811.511935,60811.51431925926,tbabs*po,922.727294921875,930.727294921875,942.0084211842951,931.0634293756565,7.689394124348959,120.0,206.0,3.4466018676757812,0.13182123005390167,1.7087810039520264,1.3870419263839722,2.129807710647583,-10.561606407165527,-10.614847183227539,-10.525535583496094,0.9273567199707031,0.722135066986084,1.1866225004196167,0.0016182329272851348,0.0012131441617384553,0.0022270281333476305
150_8202630131,60811.51508314814,0.00074074073927477,60811.5143424074,60811.515823888876,tbabs*po,757.571533203125,765.571533203125,775.7870407695272,766.0159776475695,8.324961903331044,91.0,128.0,3.1953125,0.16419275104999542,1.519942283630371,1.2141172885894775,2.128042221069336,-10.608451843261719,-10.724104881286621,-10.527801513671875,0.5,0.0,0.8650332093238831,0.0007612722110934556,0.00042358029168099165,0.0010811537504196167
151_8202630131,60811.569029907405,0.003136574072414078,60811.56589333333,60811.57216648148,tbabs*po,1684.1580810546875,1692.1580810546875,1704.3317815223645,1692.4247477213542,11.153364775196605,151.0,542.0,3.03505539894104,0.08062324672937393,1.429887294769287,1.226446509361267,1.7097423076629639,-10.617708206176758,-10.644490242004395,-10.589247703552246,0.9703688025474548,0.8305962681770325,1.1439365148544312,0.0015046325279399753,0.0012674776371568441,0.001896759495139122
152_8202630131,60811.57399518519,0.0011111111125501338,60811.57288407407,60811.575106296295,tbabs*po,689.2476196289062,697.2476196289062,710.3600782658283,697.4570437126758,3.5898313522338867,192.0,192.0,3.2291667461395264,0.13975220918655396,1.7333273887634277,1.3873168230056763,2.053401470184326,-10.57721996307373,-10.611309051513672,-10.541536331176758,1.2085546255111694,0.994025707244873,1.3948814868927002,0.0023193086963146925,0.001719751744531095,0.002992074703797698
153_8202630131,60811.57797666665,0.002442129629343981,60811.57553453703,60811.580418796286,tbabs*po,1400.72119140625,1408.72119140625,1420.0023176686702,1409.0573258600316,11.672676595052083,120.0,422.0,3.075829267501831,0.08779679238796234,1.8553956747055054,1.580629825592041,2.127959966659546,-10.580004692077637,-10.614665985107422,-10.555098533630371,0.9832364916801453,0.8243359923362732,1.1468009948730469,0.0016988549614325166,0.001353597966954112,0.0020738444291055202
154_8202630131,60811.63796509259,0.0013078703705105,60811.63665722222,60811.63927296296,tbabs*po,880.1475830078125,888.1475830078125,900.3725662292057,888.4107409025494,5.752598581750409,153.0,226.0,2.6681416034698486,0.11126299202442169,2.041947603225708,1.6424670219421387,2.857468843460083,-10.672581672668457,-10.73766040802002,-10.64063549041748,1.013286828994751,0.7954029440879822,1.3958022594451904,0.0014091760385781527,0.0010436392622068524,0.002477455185726285
155_8202630131,60811.64223013888,0.002771990741166519,60811.63945814814,60811.645002129626,tbabs*po,1586.78271484375,1594.78271484375,1606.9044665293197,1595.0529851140202,10.649548421770135,149.0,479.0,2.8601253032684326,0.08152641355991364,1.7858402729034424,1.5489343404769897,2.044774293899536,-10.632184982299805,-10.656604766845703,-10.608992576599121,1.0399668216705322,0.8903358578681946,1.1915667057037354,0.001619876828044653,0.0013203587150201201,0.001992002595216036
156_8202630131,60811.96376370371,0.0014351851859828457,60811.96232851852,60811.965198888895,tbabs*po,1027.6912841796875,1035.6912841796875,1046.529404984937,1036.0686426702534,9.604591440931658,107.0,248.0,4.229838848114014,0.13245774805545807,1.6372313499450684,1.311830997467041,2.060563564300537,-10.477182388305664,-10.51601505279541,-10.439952850341797,1.0096378326416016,0.8159347176551819,1.2479233741760254,0.002204970456659794,0.001728252274915576,0.0027495156973600388
157_8202630131,60811.96717805555,0.0007060185198497493,60811.96647203703,60811.96788407407,tbabs*po,572.6900634765625,580.6900634765625,591.4919849397322,581.0710158575149,5.402736447892099,106.0,122.0,3.5573770999908447,0.17439040541648865,1.091288685798645,0.819883406162262,1.5686756372451782,-10.530412673950195,-10.626569747924805,-10.470796585083008,0.5784391164779663,0.0,0.9258905053138733,0.0010040253400802612,0.0008104087901301682,0.0014641539892181754
158_8202630132,60812.152513703695,0.0008796296278887894,60812.15163407407,60812.15339333333,tbabs*po,1954.16943359375,1962.16943359375,1973.6395713955724,1962.48943359375,15.509281218998016,126.0,152.0,10.177631378173828,0.2611560821533203,1.240670084953308,1.0234172344207764,1.4949455261230469,-10.190550804138184,-10.237603187561035,-10.149218559265137,0.5,0.0,0.6159055233001709,0.0019324615132063627,0.0017345381202176213,0.002257781568914652
159_8202630132,60812.74176138889,0.001157407408754807,60812.74060398148,60812.7429187963,tbabs*po,1574.5145263671875,1582.5145263671875,1593.8277813163968,1582.8478597005208,13.01251674683626,121.0,200.0,5.264999866485596,0.16407811641693115,1.7739232778549194,1.2584681510925293,2.304640054702759,-10.549002647399902,-10.602459907531738,-10.43234634399414,1.2119072675704956,0.7941752076148987,1.6245843172073364,0.0025343222077935934,0.0018227563705295324,0.003932472318410873
160_8202630132,60812.93552875,0.0016608796286163852,60812.93386787037,60812.93718962963,tbabs*po,1144.4739990234375,1152.4739990234375,1164.7996164833753,1152.7304092798477,7.289643305881768,157.0,287.0,3.3588850498199463,0.10981274396181107,1.3589293956756592,1.1199908256530762,1.7550323009490967,-10.553812980651855,-10.605363845825195,-10.504015922546387,0.5976561307907104,0.0,0.8362679481506348,0.0009836989920586348,0.0008250193204730749,0.0013209370663389564
161_8202630133,60812.98685398148,0.0006944444430700969,60812.98615953704,60812.987548425925,tbabs*po,409.3761901855469,417.3761901855469,427.91510613846543,417.784353450853,4.135113032177241,99.0,120.0,3.7249999046325684,0.17849557101726532,1.497054100036621,1.1499135494232178,1.9083740711212158,-10.514890670776367,-10.562674522399902,-10.474059104919434,1.011078953742981,0.7706190943717957,1.2937909364700317,0.002025906927883625,0.0014852388994768262,0.0029028994031250477
162_8202630133,60812.9903262037,0.0018518518518249039,60812.98847435185,60812.99217805555,tbabs*po,1181.607666015625,1189.607666015625,1200.9844143614594,1189.935534868084,9.606566390370935,123.0,320.0,4.018750190734863,0.11354108899831772,1.4514461755752563,1.2546221017837524,1.8568235635757446,-10.468688011169434,-10.551348686218262,-10.42588996887207,0.7937167882919312,0.6597263813018799,1.1433161497116089,0.001684679533354938,0.0014034435153007507,0.002161576645448804
163_8202630133,60812.99977064815,0.0014814814821875188,60812.99828916667,60813.00125212964,tbabs*po,1077.886474609375,1085.886474609375,1097.1676008717952,1086.2226090631566,8.982387288411458,120.0,256.0,3.3671875,0.11863607913255692,1.190787434577942,0.9904004335403442,1.5705424547195435,-10.556504249572754,-10.627800941467285,-10.525236129760742,0.6196820139884949,0.0,0.88608318567276,0.0010068340925499797,0.0008431357564404607,0.0013784567127004266
164_8202630133,60813.051784537034,0.0011805555550381541,60813.05060398148,60813.05296509259,tbabs*po,977.5067749023438,985.5067749023438,997.3581534233833,985.7966299748075,7.032422841024056,139.0,204.0,4.029411792755127,0.14269772171974182,1.5139555931091309,1.272714614868164,1.8407113552093506,-10.542128562927246,-10.575730323791504,-10.507262229919434,1.0805774927139282,0.8937546014785767,1.3029940128326416,0.0021075913682579994,0.0016679352847859263,0.002793985651805997
165_8202630133,60813.05420351852,0.0012152777781011537,60813.05298824074,60813.0554187963,tbabs*po,1170.53466796875,1178.53466796875,1189.4442192435993,1178.9050383391204,10.738850164850918,109.0,210.0,4.0333333015441895,0.14171577990055084,1.486806035041809,1.0867904424667358,2.093255043029785,-10.570984840393066,-10.675126075744629,-10.487907409667969,0.9645271897315979,0.6576694846153259,1.4687590599060059,0.001702014124020934,0.0012297218199819326,0.0027026210445910692
166_8202630133,60813.06020467592,0.0009548611124046147,60813.05924981481,60813.061159537036,tbabs*po,925.5128784179688,933.5128784179688,944.3509992232181,933.8902369085348,8.64965306932681,107.0,165.0,4.218181610107422,0.1623142808675766,1.3504160642623901,1.1207239627838135,1.8850699663162231,-10.499850273132324,-10.547271728515625,-10.466453552246094,0.8482393622398376,0.6990293860435486,1.2550801038742065,0.0016425648937001824,0.001354865380562842,0.0026158331893384457
167_8202630133,60813.06243847222,0.001093750001018634,60813.06134472222,60813.06353222222,tbabs*po,917.56884765625,925.56884765625,937.8944651161878,925.8252579126603,5.84438756468949,157.0,189.0,3.8465609550476074,0.14445392787456512,1.0800994634628296,0.7951232194900513,1.4784058332443237,-10.67755126953125,-10.743494033813477,-10.607054710388184,1.0195754766464233,0.7405670881271362,1.3633190393447876,0.001413598540239036,0.0011098639806732535,0.002022866392508149
168_8202630133,60813.065303055555,0.00120370370495948,60813.06409935185,60813.066506759256,tbabs*po,1375.8681640625,1383.8681640625,1395.8025905493334,1384.1518520057625,9.689212422975352,142.0,208.0,4.0625,0.14164933562278748,2.003988742828369,1.4877269268035889,2.6475698947906494,-10.657491683959961,-10.714225769042969,-10.562514305114746,1.554306149482727,1.0860254764556885,2.0841615200042725,0.003018168266862631,0.0020006082486361265,0.005062759388238192
169_8202630134,60814.7996549074,0.0010995370357704815,60814.79855537037,60814.80075444444,tbabs*po,617.3328247070312,625.3328247070312,635.2873701859598,625.8090151832217,7.262739114200367,85.0,190.0,2.778947353363037,0.12502315640449524,1.7041668891906738,1.3613290786743164,2.086017608642578,-10.665316581726074,-10.702917098999023,-10.628937721252441,1.1658520698547363,0.9394672513008118,1.4119447469711304,0.0017958057578653097,0.0013274340890347958,0.002704513492062688
170_8202630134,60814.80451023148,0.0032233796300715767,60814.80128685185,60814.80773361111,tbabs*po,2003.44677734375,2011.44677734375,2023.821778146977,2011.699941900712,12.600294197130504,159.0,557.0,2.495511770248413,0.07191405445337296,2.2426931858062744,2.0024962425231934,2.670928478240967,-10.716228485107422,-10.741458892822266,-10.701037406921387,1.3441846370697021,1.2237306833267212,1.5589717626571655,0.0020013912580907345,0.0016720856074243784,0.002754280576482415
171_8202630134,60814.99359009259,0.0008101851854007691,60814.99277990741,60814.99440027778,tbabs*po,470.3462219238281,478.3462219238281,488.8461131769652,478.75859305784877,4.799451244120696,98.0,140.0,2.549999952316284,0.14009127020835876,1.6756356954574585,1.3310810327529907,2.334108352661133,-10.704812049865723,-10.75590705871582,-10.663442611694336,1.1310778856277466,0.9034039378166199,1.503526210784912,0.0015291827730834484,0.0011606499319896102,0.002503754571080208
172_8202630135,60815.05374055555,0.002395833333139308,60815.05134472222,60815.056136388885,tbabs*po,1188.1795654296875,1196.1795654296875,1206.7184813826061,1196.5877286949935,12.001813792219066,99.0,414.0,2.4275362491607666,0.07992091774940491,2.7314083576202393,2.2938952445983887,3.026167392730713,-10.654986381530762,-10.68915843963623,-10.632339477539062,1.4565141201019287,1.2369530200958252,1.63032066822052,0.00242699240334332,0.001954613719135523,0.0033843282144516706
173_8202630135,60815.057860925925,0.001701388890069211,60815.05615953704,60815.05956231482,tbabs*po,744.8322143554688,752.8322143554688,764.482833898413,753.1375578669191,5.642668290571733,132.0,294.0,2.051020383834839,0.0849955603480339,2.069267749786377,1.6337822675704956,2.421642303466797,-10.832456588745117,-10.871410369873047,-10.796404838562012,1.4628069400787354,1.1511950492858887,1.6901679039001465,0.00156315672211349,0.0011841541854664683,0.002416976261883974
174_8202630135,60815.12231694444,0.000983796297077788,60815.12133314815,60815.12330074074,tbabs*po,550.635009765625,558.635009765625,569.0556905095774,559.056062397204,5.735781351725261,96.0,170.0,2.8470587730407715,0.1340259313583374,1.96770179271698,1.5236212015151978,2.2631962299346924,-10.661794662475586,-10.706023216247559,-10.628789901733398,1.5108569860458374,1.1933047771453857,1.6892372369766235,0.0028247348964214325,0.0018381193513050675,0.0036048407200723886
175_8202630135,60815.13259472222,0.000983796297077788,60815.13161092593,60815.13357851852,tbabs*po,751.187255859375,759.187255859375,771.6352070128012,759.4357030643439,4.636958369502315,162.0,170.0,2.4882352352142334,0.12169114500284195,2.926037073135376,2.1122491359710693,3.6984775066375732,-10.743361473083496,-10.805764198303223,-10.666472434997559,1.6416617631912231,1.198561191558838,2.035128355026245,0.0026873585302382708,0.0014550836058333516,0.004532338585704565
176_8202630135,60815.58224171296,0.0011284722204436548,60815.58111324074,60815.58337018518,tbabs*po,919.0096435546875,927.0096435546875,938.0240043191129,927.3700039150478,8.205443246023995,112.0,195.0,3.6666667461395264,0.13892073929309845,1.5213583707809448,1.1871620416641235,1.8719373941421509,-10.605972290039062,-10.675681114196777,-10.560321807861328,1.134756088256836,0.8550152778625488,1.4523158073425293,0.0019543790258467197,0.0013891898561269045,0.0026583040598779917
177_8202630135,60815.64450444445,0.004143518519413192,60815.64036092593,60815.64864796297,tbabs*po,3036.799072265625,3044.799072265625,3056.508087006254,3045.0998241453244,22.66267964377332,134.0,716.0,3.3505587577819824,0.07234659045934677,1.6153863668441772,1.3542683124542236,1.8618799448013306,-10.585468292236328,-10.630209922790527,-10.548036575317383,0.9097411632537842,0.7402669191360474,1.0796493291854858,0.0014781467616558075,0.001196036348119378,0.001814600545912981
178_8202630135,60815.70551717591,0.0008391203700739425,60815.70467805555,60815.70635629629,tbabs*po,515.1178588867188,523.1178588867188,535.5658100401449,523.3663060916876,3.1797398696711032,162.0,145.0,2.006896495819092,0.12164179235696793,2.1042320728302,1.5379356145858765,3.4243133068084717,-10.797088623046875,-10.871111869812012,-10.663352966308594,0.9345153570175171,0.6285080909729004,1.5698307752609253,0.0009315211209468544,0.0006156863528303802,0.002381868427619338
179_8202630135,60815.710754444444,0.004120370369491866,60815.70663407407,60815.71487481481,tbabs*po,2843.17626953125,2851.17626953125,2862.45739579367,2851.5124039850316,23.693135579427082,120.0,712.0,2.5786516666412354,0.06424447149038315,1.5460009574890137,1.3884446620941162,2.047931432723999,-10.667563438415527,-10.698040008544922,-10.645092010498047,0.5213258862495422,0.0,0.7546021938323975,0.0006623691297136247,0.0006162200006656349,0.0009141449118033051
180_8202630135,60815.77643731481,0.0025810185179580003,60815.77385629629,60815.77901833333,tbabs*po,1948.3182373046875,1956.3182373046875,1967.6314922538968,1956.6515706380208,16.101803614088325,121.0,446.0,3.199551582336426,0.08868847042322159,1.4166173934936523,1.222345232963562,1.7013847827911377,-10.662271499633789,-10.691140174865723,-10.63375186920166,0.9499163627624512,0.8775821924209595,1.132805347442627,0.001330847735516727,0.0011041858233511448,0.0016784756444394588
181_8202630135,60815.8398574537,0.0016608796286163852,60815.83819657407,60815.84151833333,tbabs*po,1504.131591796875,1512.131591796875,1524.506592600102,1512.384756353837,9.45994711821934,159.0,287.0,3.1777002811431885,0.1092931404709816,1.2857533693313599,1.013275384902954,1.7163267135620117,-10.678922653198242,-10.750937461853027,-10.643310546875,0.8381671905517578,0.6518726944923401,1.1515533924102783,0.001077841268852353,0.000842263747472316,0.001493554562330246
182_8202630137,60817.38425560185,0.0012210648164909799,60817.38303453704,60817.38547666667,tbabs*po,1158.2244873046875,1166.2244873046875,1176.179032783616,1166.7006777808779,13.626170438878676,85.0,211.0,2.2132701873779297,0.10624608397483826,3.7359533309936523,2.5983922481536865,5.601282596588135,-10.753246307373047,-10.817416191101074,-10.610804557800293,1.4247621297836304,0.9950428605079651,2.0494120121002197,0.002030601492151618,0.0010554707841947675,0.005214272066950798
183_8202630138,60818.23032620372,0.0013888888897781726,60818.22893731482,60818.2317150926,tbabs*po,1156.5965576171875,1164.5965576171875,1176.0973469099922,1164.9140179346477,9.107059508796752,127.0,240.0,2.7291667461395264,0.1078031063079834,3.113370656967163,2.5331623554229736,4.202968597412109,-10.669978141784668,-10.710977554321289,-10.60294246673584,1.2807718515396118,1.0115402936935425,1.7556729316711426,0.002066259039565921,0.0014196218689903617,0.004137170501053333
184_8202630138,60818.48643152778,0.0008969907394202892,60818.48553453704,60818.48732851852,tbabs*po,644.4398803710938,652.4398803710938,663.2052719000103,652.8244957557091,6.137522670200893,105.0,155.0,2.40645170211792,0.1259308010339737,1.5970067977905273,1.2898865938186646,2.4650557041168213,-10.73339557647705,-10.796876907348633,-10.678507804870605,0.5,0.0,0.8748828768730164,0.0005508841131813824,0.0004908509436063468,0.0010091658914461732
185_8202630139,60819.31143731481,0.000914351850951789,60819.31052296296,60819.31235166666,tbabs*po,422.54595947265625,430.54595947265625,442.7453835016544,430.8108601349079,2.7799076281095805,152.0,158.0,2.569620370864868,0.12968216836452484,1.4435638189315796,1.077094554901123,1.7522560358047485,-10.72840690612793,-10.755661010742188,-10.694930076599121,1.2139970064163208,0.9476046562194824,1.4404419660568237,0.0014777564210817218,0.0011541334679350257,0.0021702297963202
186_8202630139,60819.376095879634,0.0010590277779556345,60819.37503685185,60819.37715490741,tbabs*po,507.2707824707031,515.2707824707031,527.4702064997012,515.5356831329548,3.3373077794125208,152.0,183.0,2.0819671154022217,0.11073374003171921,2.605041265487671,2.1340317726135254,3.152177095413208,-10.68040943145752,-10.76025390625,-10.58165454864502,2.094252586364746,1.7736726999282837,2.4381296634674072,0.004603214096277952,0.0029869654681533575,0.007083994336426258
187_8202630139,60819.69860166666,0.0009490740740147885,60819.69765259259,60819.69955074074,tbabs*po,389.5964660644531,397.5964660644531,408.3983875276228,397.97741844540553,3.6754383590986146,106.0,164.0,1.664634108543396,0.10268989205360413,3.368614673614502,2.30515456199646,4.190743446350098,-10.796826362609863,-10.86734390258789,-10.733377456665039,1.4147765636444092,0.9594573974609375,1.7616215944290161,0.0014728154055774212,0.0009221493382938206,0.0029789006803184748
188_8202630139,60819.828757916664,0.0019502314826240763,60819.82680768518,60819.83070814815,tbabs*po,744.5922241210938,752.5922241210938,766.2743641181829,752.7732195962069,3.354019027572494,222.0,337.0,1.3827893733978271,0.06591445952653885,2.047466278076172,1.4934533834457397,2.731426477432251,-10.99570083618164,-11.040091514587402,-10.952133178710938,0.9775682091712952,0.7174817323684692,1.2597417831420898,0.0006393075454980135,0.0004390439426060766,0.0009691749582998455
189_8202630140,60820.28025675926,0.00204861110978527,60820.27820814815,60820.28230537037,tbabs*po,887.22021484375,895.22021484375,906.3701818148782,895.5680409307065,7.648450127963362,116.0,354.0,2.5960452556610107,0.08778959512710571,1.1391315460205078,0.951801598072052,1.3859212398529053,-10.693609237670898,-10.730286598205566,-10.668569564819336,0.821101188659668,0.6922188997268677,0.9886009097099304,0.001008004997856915,0.0008467810694128275,0.0012537960428744555
190_8202630140,60820.538300740736,0.0020370370366435964,60820.5362637037,60820.54033777778,tbabs*po,1179.92578125,1187.92578125,1198.6170965878475,1188.3179381127452,11.455590109223301,103.0,352.0,1.7130681276321411,0.07610110193490982,3.137232780456543,2.3959810733795166,3.868845224380493,-10.853872299194336,-10.902785301208496,-10.79421329498291,1.4748533964157104,1.1488858461380005,1.7689709663391113,0.001736590638756752,0.001041935058310628,0.00268700928427279
191_8202630140,60820.92533199074,0.0020428240750334226,60820.92328916666,60820.92737481481,tbabs*po,723.1404418945312,731.1404418945312,744.8753299087482,731.3190133231027,3.21395751953125,225.0,353.0,1.9745042324066162,0.07799660414457321,2.0231873989105225,1.687688946723938,2.398798942565918,-10.832892417907715,-10.875873565673828,-10.799720764160156,1.5802180767059326,1.3746312856674194,1.8093345165252686,0.002014240249991417,0.0015374147333204746,0.0026716142892837524
192_8202630141,60821.441252129625,0.0022337962946039625,60821.43901833333,60821.44348592592,tbabs*po,970.90478515625,978.90478515625,991.2304026161878,979.1611954126603,6.184106911823249,157.0,386.0,1.7616580724716187,0.06990890949964523,2.8263039588928223,2.3618624210357666,3.4241747856140137,-10.810206413269043,-10.841255187988281,-10.775189399719238,1.2034209966659546,0.9683000445365906,1.4507081508636475,0.0013529554707929492,0.0009499405277892947,0.0020029873121529818
193_8202630141,60821.570320416664,0.0021238425943010952,60821.56819657407,60821.57244425926,tbabs*po,865.9786376953125,873.9786376953125,887.833964915415,874.1517978684727,3.73266654179014,232.0,367.0,1.6811989545822144,0.0711781233549118,3.9389543533325195,3.344632863998413,4.81886625289917,-10.734339714050293,-10.799432754516602,-10.609532356262207,1.9675791263580322,1.8340539932250977,2.348867893218994,0.003742819419130683,0.0025319992564618587,0.006689092144370079
194_8202630142,60822.02212018518,0.002025462963501923,60822.02009472222,60822.024145648145,tbabs*po,995.8772583007812,1003.8772583007812,1017.0904779330176,1004.0813399334343,5.055214509141021,197.0,350.0,2.1600000858306885,0.08200038969516754,2.4263296127319336,2.06897234916687,2.8611161708831787,-10.765292167663574,-10.798983573913574,-10.725557327270508,1.5333771705627441,1.3234519958496094,1.771476149559021,0.00226769782602787,0.0017011120216920972,0.0031428507063537836
195_8202630142,60822.280031064816,0.0021006944443797693,60822.27793037037,60822.28213175926,tbabs*po,1011.4007568359375,1019.4007568359375,1031.2800100342415,1019.6885266201101,7.224291120256696,140.0,363.0,2.65840220451355,0.08785093575716019,1.7630822658538818,1.5093274116516113,2.078306198120117,-10.693497657775879,-10.72927188873291,-10.66817855834961,1.2833601236343384,1.108833909034729,1.4947043657302856,0.0019579099025577307,0.0015691397711634636,0.002518851077184081
196_8202630143,60823.56990953704,0.0026041666678793263,60823.56730537037,60823.57251370371,tbabs*po,1813.478271484375,1821.478271484375,1832.6282384555032,1821.8260975713315,15.633433374865302,116.0,450.0,2.259999990463257,0.0744643583893776,2.725475788116455,2.0892343521118164,3.1558218002319336,-10.733986854553223,-10.766263008117676,-10.696297645568848,0.9808346033096313,0.6679830551147461,1.1646872758865356,0.0011829707073047757,0.0007436156738549471,0.001543191960081458
197_8202630145,60825.385823888886,0.0020833333328482695,60825.38374055555,60825.38790722222,tbabs*po,3334.7802734375,3342.7802734375,3355.204055333102,3343.0302734375,20.71292095302795,161.0,360.0,3.5222222805023193,0.1013696938753128,3.4842963218688965,2.368112802505493,5.060349941253662,-10.704941749572754,-10.774704933166504,-10.545637130737305,1.6937460899353027,1.1329386234283447,2.4565579891204834,0.0031592468731105328,0.0015870042843744159,0.007912651635706425
198_8202630145,60825.90137944445,0.0006944444430700969,60825.900685,60825.90207388889,tbabs*po,665.7274780273438,673.7274780273438,681.3755700490564,674.6163669162327,14.472336478855299,46.0,120.0,1.4833333492279053,0.11444567143917084,6.987479209899902,3.9825356006622314,13.268077850341797,-10.62913703918457,-10.80276870727539,-10.239583015441895,1.7608821392059326,0.8060800433158875,3.0,0.0038976487703621387,0.0009412546060048044,0.014044733718037605
